Datetime,Close,High,Low,Open,Volume
2025-01-03 05:00:00+00:00,2677.60009765625,2677.89990234375,2677.60009765625,2677.89990234375,0.0
2025-01-03 05:01:00+00:00,2677.199951171875,2677.39990234375,2677.199951171875,2677.39990234375,7.0
2025-01-03 05:02:00+00:00,2677.10009765625,2677.39990234375,2677.10009765625,2677.39990234375,16.0
2025-01-03 05:03:00+00:00,2677.5,2677.699951171875,2677.10009765625,2677.10009765625,11.0
2025-01-03 05:04:00+00:00,2677.0,2677.39990234375,2677.0,2677.39990234375,12.0
2025-01-03 05:05:00+00:00,2676.699951171875,2677.0,2676.699951171875,2677.0,15.0
2025-01-03 05:06:00+00:00,2676.800048828125,2676.800048828125,2676.60009765625,2676.699951171875,9.0
2025-01-03 05:07:00+00:00,2676.699951171875,2676.89990234375,2676.60009765625,2676.89990234375,8.0
2025-01-03 05:08:00+00:00,2676.300048828125,2676.800048828125,2676.300048828125,2676.800048828125,30.0
2025-01-03 05:09:00+00:00,2676.199951171875,2676.300048828125,2676.199951171875,2676.199951171875,19.0
2025-01-03 05:10:00+00:00,2676.39990234375,2676.39990234375,2676.300048828125,2676.300048828125,8.0
2025-01-03 05:11:00+00:00,2676.39990234375,2676.60009765625,2676.39990234375,2676.60009765625,10.0
2025-01-03 05:12:00+00:00,2676.5,2676.60009765625,2676.5,2676.5,6.0
2025-01-03 05:13:00+00:00,2676.39990234375,2676.39990234375,2676.39990234375,2676.39990234375,2.0
2025-01-03 05:14:00+00:00,2676.60009765625,2676.60009765625,2676.5,2676.5,6.0
2025-01-03 05:15:00+00:00,2676.300048828125,2676.39990234375,2676.199951171875,2676.39990234375,7.0
2025-01-03 05:16:00+00:00,2676.300048828125,2676.300048828125,2676.199951171875,2676.199951171875,12.0
2025-01-03 05:17:00+00:00,2676.0,2676.199951171875,2676.0,2676.10009765625,87.0
2025-01-03 05:18:00+00:00,2675.800048828125,2676.0,2675.800048828125,2675.800048828125,17.0
2025-01-03 05:19:00+00:00,2675.699951171875,2676.0,2675.60009765625,2676.0,17.0
2025-01-03 05:20:00+00:00,2675.699951171875,2675.800048828125,2675.5,2675.60009765625,9.0
2025-01-03 05:21:00+00:00,2675.60009765625,2675.89990234375,2675.60009765625,2675.60009765625,7.0
2025-01-03 05:22:00+00:00,2675.5,2676.0,2675.5,2675.800048828125,12.0
2025-01-03 05:23:00+00:00,2675.5,2675.89990234375,2675.5,2675.60009765625,12.0
2025-01-03 05:24:00+00:00,2675.39990234375,2675.60009765625,2675.199951171875,2675.60009765625,30.0
2025-01-03 05:25:00+00:00,2675.5,2675.5,2675.199951171875,2675.199951171875,24.0
2025-01-03 05:26:00+00:00,2675.5,2675.60009765625,2675.39990234375,2675.39990234375,12.0
2025-01-03 05:27:00+00:00,2675.39990234375,2675.699951171875,2675.39990234375,2675.60009765625,24.0
2025-01-03 05:28:00+00:00,2675.39990234375,2675.39990234375,2675.300048828125,2675.300048828125,13.0
2025-01-03 05:29:00+00:00,2675.699951171875,2675.89990234375,2675.5,2675.5,14.0
2025-01-03 05:30:00+00:00,2675.199951171875,2675.60009765625,2674.800048828125,2675.60009765625,118.0
2025-01-03 05:31:00+00:00,2675.60009765625,2675.60009765625,2675.10009765625,2675.39990234375,19.0
2025-01-03 05:32:00+00:00,2675.199951171875,2675.60009765625,2675.199951171875,2675.60009765625,19.0
2025-01-03 05:33:00+00:00,2675.199951171875,2675.199951171875,2675.0,2675.199951171875,12.0
2025-01-03 05:34:00+00:00,2675.0,2675.300048828125,2674.699951171875,2675.10009765625,37.0
2025-01-03 05:35:00+00:00,2675.0,2675.300048828125,2674.89990234375,2675.0,26.0
2025-01-03 05:36:00+00:00,2674.800048828125,2675.199951171875,2674.60009765625,2675.199951171875,29.0
2025-01-03 05:37:00+00:00,2674.5,2674.60009765625,2674.199951171875,2674.60009765625,45.0
2025-01-03 05:38:00+00:00,2674.699951171875,2674.800048828125,2674.300048828125,2674.5,58.0
2025-01-03 05:39:00+00:00,2674.60009765625,2674.89990234375,2674.60009765625,2674.60009765625,30.0
2025-01-03 05:40:00+00:00,2675.10009765625,2675.199951171875,2674.5,2674.5,28.0
2025-01-03 05:41:00+00:00,2674.5,2675.300048828125,2674.5,2675.199951171875,19.0
2025-01-03 05:42:00+00:00,2674.60009765625,2674.699951171875,2674.300048828125,2674.5,47.0
2025-01-03 05:43:00+00:00,2674.800048828125,2675.10009765625,2674.699951171875,2674.800048828125,26.0
2025-01-03 05:44:00+00:00,2674.800048828125,2675.10009765625,2674.60009765625,2674.800048828125,32.0
2025-01-03 05:45:00+00:00,2674.199951171875,2674.800048828125,2674.10009765625,2674.60009765625,66.0
2025-01-03 05:46:00+00:00,2674.10009765625,2674.300048828125,2674.10009765625,2674.199951171875,15.0
2025-01-03 05:47:00+00:00,2674.0,2674.39990234375,2674.0,2674.10009765625,22.0
2025-01-03 05:48:00+00:00,2674.199951171875,2674.300048828125,2674.10009765625,2674.199951171875,9.0
2025-01-03 05:49:00+00:00,2674.10009765625,2674.199951171875,2673.699951171875,2674.199951171875,45.0
2025-01-03 05:50:00+00:00,2673.5,2674.39990234375,2673.39990234375,2674.10009765625,37.0
2025-01-03 05:51:00+00:00,2673.10009765625,2673.60009765625,2673.0,2673.5,127.0
2025-01-03 05:52:00+00:00,2672.699951171875,2673.199951171875,2672.60009765625,2673.199951171875,114.0
2025-01-03 05:53:00+00:00,2672.60009765625,2672.800048828125,2672.0,2672.800048828125,104.0
2025-01-03 05:54:00+00:00,2672.89990234375,2673.199951171875,2672.60009765625,2672.699951171875,133.0
2025-01-03 05:55:00+00:00,2672.60009765625,2673.10009765625,2672.5,2672.699951171875,255.0
2025-01-03 05:56:00+00:00,2673.699951171875,2673.800048828125,2672.5,2672.800048828125,166.0
2025-01-03 05:57:00+00:00,2673.39990234375,2674.0,2673.10009765625,2673.800048828125,92.0
2025-01-03 05:58:00+00:00,2673.89990234375,2674.10009765625,2673.5,2673.60009765625,217.0
2025-01-03 05:59:00+00:00,2674.300048828125,2674.5,2673.800048828125,2673.89990234375,73.0
2025-01-03 06:00:00+00:00,2675.199951171875,2675.199951171875,2674.199951171875,2674.300048828125,41.0
2025-01-03 06:01:00+00:00,2674.699951171875,2675.300048828125,2674.699951171875,2675.199951171875,59.0
2025-01-03 06:02:00+00:00,2674.60009765625,2674.89990234375,2674.5,2674.800048828125,17.0
2025-01-03 06:03:00+00:00,2674.199951171875,2674.800048828125,2674.0,2674.699951171875,56.0
2025-01-03 06:04:00+00:00,2673.800048828125,2674.0,2673.800048828125,2674.0,14.0
2025-01-03 06:05:00+00:00,2673.5,2674.10009765625,2673.5,2674.10009765625,15.0
2025-01-03 06:06:00+00:00,2673.5,2673.699951171875,2673.39990234375,2673.39990234375,30.0
2025-01-03 06:07:00+00:00,2675.0,2675.10009765625,2673.5,2673.5,39.0
2025-01-03 06:08:00+00:00,2675.10009765625,2675.300048828125,2674.89990234375,2675.10009765625,41.0
2025-01-03 06:09:00+00:00,2675.300048828125,2675.39990234375,2675.199951171875,2675.199951171875,13.0
2025-01-03 06:10:00+00:00,2675.39990234375,2675.39990234375,2674.5,2675.300048828125,34.0
2025-01-03 06:11:00+00:00,2675.0,2675.5,2675.0,2675.5,10.0
2025-01-03 06:12:00+00:00,2674.5,2675.10009765625,2674.39990234375,2675.10009765625,28.0
2025-01-03 06:13:00+00:00,2673.699951171875,2674.5,2673.699951171875,2674.5,58.0
2025-01-03 06:14:00+00:00,2673.89990234375,2674.5,2673.60009765625,2673.60009765625,58.0
2025-01-03 06:15:00+00:00,2673.5,2673.89990234375,2673.199951171875,2673.89990234375,54.0
2025-01-03 06:16:00+00:00,2673.699951171875,2674.10009765625,2673.60009765625,2673.60009765625,28.0
2025-01-03 06:17:00+00:00,2674.0,2674.0,2674.0,2674.0,2.0
2025-01-03 06:18:00+00:00,2674.10009765625,2674.10009765625,2673.800048828125,2673.89990234375,10.0
2025-01-03 06:19:00+00:00,2674.199951171875,2674.300048828125,2673.89990234375,2674.10009765625,19.0
2025-01-03 06:20:00+00:00,2674.699951171875,2675.0,2674.39990234375,2674.39990234375,20.0
2025-01-03 06:21:00+00:00,2674.699951171875,2674.89990234375,2674.699951171875,2674.699951171875,4.0
2025-01-03 06:22:00+00:00,2673.800048828125,2674.5,2673.5,2674.5,60.0
2025-01-03 06:23:00+00:00,2673.39990234375,2674.199951171875,2673.39990234375,2674.199951171875,41.0
2025-01-03 06:24:00+00:00,2673.300048828125,2673.60009765625,2673.300048828125,2673.39990234375,14.0
2025-01-03 06:25:00+00:00,2673.60009765625,2673.699951171875,2673.5,2673.5,30.0
2025-01-03 06:26:00+00:00,2673.0,2673.5,2672.89990234375,2673.5,11.0
2025-01-03 06:27:00+00:00,2673.0,2673.300048828125,2672.800048828125,2673.199951171875,23.0
2025-01-03 06:28:00+00:00,2673.0,2673.10009765625,2672.60009765625,2672.89990234375,30.0
2025-01-03 06:29:00+00:00,2672.5,2673.10009765625,2672.39990234375,2673.10009765625,67.0
2025-01-03 06:30:00+00:00,2672.0,2672.39990234375,2671.699951171875,2672.39990234375,98.0
2025-01-03 06:31:00+00:00,2672.199951171875,2672.300048828125,2671.800048828125,2671.89990234375,13.0
2025-01-03 06:32:00+00:00,2673.39990234375,2673.39990234375,2672.300048828125,2672.300048828125,66.0
2025-01-03 06:33:00+00:00,2672.800048828125,2673.60009765625,2672.800048828125,2673.300048828125,172.0
2025-01-03 06:34:00+00:00,2673.0,2673.199951171875,2672.800048828125,2672.89990234375,39.0
2025-01-03 06:35:00+00:00,2672.39990234375,2673.0,2672.39990234375,2673.0,32.0
2025-01-03 06:36:00+00:00,2673.199951171875,2673.199951171875,2672.199951171875,2672.39990234375,67.0
2025-01-03 06:37:00+00:00,2673.699951171875,2673.699951171875,2672.89990234375,2673.199951171875,31.0
2025-01-03 06:38:00+00:00,2673.5,2673.800048828125,2673.5,2673.60009765625,20.0
2025-01-03 06:39:00+00:00,2674.0,2674.0,2673.699951171875,2673.800048828125,14.0
2025-01-03 06:40:00+00:00,2674.199951171875,2674.199951171875,2673.800048828125,2674.10009765625,38.0
2025-01-03 06:41:00+00:00,2674.0,2674.5,2674.0,2674.39990234375,10.0
2025-01-03 06:42:00+00:00,2674.39990234375,2674.39990234375,2674.0,2674.199951171875,53.0
2025-01-03 06:43:00+00:00,2674.0,2674.300048828125,2673.800048828125,2674.300048828125,21.0
2025-01-03 06:44:00+00:00,2674.300048828125,2674.300048828125,2673.89990234375,2673.89990234375,24.0
2025-01-03 06:45:00+00:00,2674.800048828125,2674.800048828125,2674.0,2674.39990234375,67.0
2025-01-03 06:46:00+00:00,2674.800048828125,2675.0,2674.60009765625,2674.699951171875,29.0
2025-01-03 06:47:00+00:00,2674.300048828125,2674.60009765625,2674.10009765625,2674.60009765625,25.0
2025-01-03 06:48:00+00:00,2674.10009765625,2674.39990234375,2674.10009765625,2674.39990234375,8.0
2025-01-03 06:49:00+00:00,2674.10009765625,2674.10009765625,2673.89990234375,2674.0,13.0
2025-01-03 06:50:00+00:00,2674.0,2674.10009765625,2673.89990234375,2674.10009765625,15.0
2025-01-03 06:51:00+00:00,2674.199951171875,2674.199951171875,2674.10009765625,2674.10009765625,9.0
2025-01-03 06:52:00+00:00,2674.60009765625,2674.800048828125,2674.0,2674.10009765625,30.0
2025-01-03 06:53:00+00:00,2674.800048828125,2674.800048828125,2674.699951171875,2674.699951171875,25.0
2025-01-03 06:54:00+00:00,2674.89990234375,2675.0,2674.39990234375,2674.89990234375,38.0
2025-01-03 06:55:00+00:00,2675.10009765625,2675.300048828125,2674.800048828125,2674.89990234375,37.0
2025-01-03 06:56:00+00:00,2675.0,2675.300048828125,2674.800048828125,2675.10009765625,35.0
2025-01-03 06:57:00+00:00,2675.199951171875,2675.39990234375,2674.89990234375,2675.10009765625,47.0
2025-01-03 06:58:00+00:00,2674.60009765625,2675.39990234375,2674.300048828125,2675.300048828125,114.0
2025-01-03 06:59:00+00:00,2674.800048828125,2674.89990234375,2674.5,2674.5,24.0
2025-01-03 07:00:00+00:00,2674.60009765625,2674.699951171875,2674.300048828125,2674.699951171875,41.0
2025-01-03 07:01:00+00:00,2673.699951171875,2674.5,2673.699951171875,2674.5,43.0
2025-01-03 07:02:00+00:00,2673.5,2673.800048828125,2673.0,2673.800048828125,85.0
2025-01-03 07:03:00+00:00,2672.89990234375,2673.60009765625,2672.89990234375,2673.5,42.0
2025-01-03 07:04:00+00:00,2673.39990234375,2673.800048828125,2673.199951171875,2673.199951171875,53.0
2025-01-03 07:05:00+00:00,2673.10009765625,2673.39990234375,2672.89990234375,2673.199951171875,42.0
2025-01-03 07:06:00+00:00,2672.699951171875,2672.89990234375,2672.39990234375,2672.800048828125,115.0
2025-01-03 07:07:00+00:00,2672.10009765625,2672.699951171875,2672.0,2672.60009765625,73.0
2025-01-03 07:08:00+00:00,2671.800048828125,2672.0,2671.5,2672.0,84.0
2025-01-03 07:09:00+00:00,2672.0,2672.10009765625,2671.800048828125,2672.0,33.0
2025-01-03 07:10:00+00:00,2672.300048828125,2672.39990234375,2672.0,2672.0,13.0
2025-01-03 07:11:00+00:00,2672.800048828125,2672.800048828125,2672.10009765625,2672.199951171875,49.0
2025-01-03 07:12:00+00:00,2672.199951171875,2673.10009765625,2672.199951171875,2672.89990234375,34.0
2025-01-03 07:13:00+00:00,2671.800048828125,2672.39990234375,2671.800048828125,2672.199951171875,38.0
2025-01-03 07:14:00+00:00,2672.199951171875,2672.199951171875,2671.699951171875,2671.699951171875,28.0
2025-01-03 07:15:00+00:00,2672.0,2672.300048828125,2672.0,2672.199951171875,27.0
2025-01-03 07:16:00+00:00,2671.10009765625,2671.89990234375,2670.89990234375,2671.89990234375,110.0
2025-01-03 07:17:00+00:00,2671.5,2671.60009765625,2670.699951171875,2671.199951171875,89.0
2025-01-03 07:18:00+00:00,2671.300048828125,2671.89990234375,2671.10009765625,2671.60009765625,58.0
2025-01-03 07:19:00+00:00,2671.0,2671.300048828125,2670.800048828125,2671.199951171875,45.0
2025-01-03 07:20:00+00:00,2670.60009765625,2671.199951171875,2670.0,2671.199951171875,80.0
2025-01-03 07:21:00+00:00,2669.60009765625,2670.5,2669.60009765625,2670.39990234375,194.0
2025-01-03 07:22:00+00:00,2668.699951171875,2670.0,2668.60009765625,2669.60009765625,209.0
2025-01-03 07:23:00+00:00,2668.10009765625,2668.699951171875,2668.10009765625,2668.699951171875,194.0
2025-01-03 07:24:00+00:00,2668.699951171875,2668.800048828125,2668.10009765625,2668.300048828125,54.0
2025-01-03 07:25:00+00:00,2668.5,2668.800048828125,2668.199951171875,2668.800048828125,74.0
2025-01-03 07:26:00+00:00,2668.10009765625,2668.60009765625,2667.89990234375,2668.300048828125,120.0
2025-01-03 07:27:00+00:00,2668.89990234375,2669.0,2668.10009765625,2668.10009765625,86.0
2025-01-03 07:28:00+00:00,2669.199951171875,2669.300048828125,2668.60009765625,2668.699951171875,53.0
2025-01-03 07:29:00+00:00,2668.800048828125,2669.10009765625,2668.60009765625,2669.10009765625,42.0
2025-01-03 07:30:00+00:00,2668.89990234375,2669.800048828125,2668.60009765625,2668.800048828125,89.0
2025-01-03 07:31:00+00:00,2669.0,2669.39990234375,2668.800048828125,2669.0,50.0
2025-01-03 07:32:00+00:00,2669.0,2669.10009765625,2668.39990234375,2668.89990234375,104.0
2025-01-03 07:33:00+00:00,2669.699951171875,2669.800048828125,2669.199951171875,2669.300048828125,54.0
2025-01-03 07:34:00+00:00,2669.199951171875,2669.800048828125,2669.0,2669.699951171875,46.0
2025-01-03 07:35:00+00:00,2669.5,2669.60009765625,2669.10009765625,2669.199951171875,36.0
2025-01-03 07:36:00+00:00,2670.0,2670.0,2669.300048828125,2669.5,30.0
2025-01-03 07:37:00+00:00,2670.199951171875,2670.39990234375,2669.89990234375,2670.0,49.0
2025-01-03 07:38:00+00:00,2669.300048828125,2670.0,2669.300048828125,2670.0,56.0
2025-01-03 07:39:00+00:00,2669.699951171875,2669.800048828125,2669.300048828125,2669.300048828125,35.0
2025-01-03 07:40:00+00:00,2670.5,2670.60009765625,2669.60009765625,2669.699951171875,25.0
2025-01-03 07:41:00+00:00,2670.39990234375,2670.60009765625,2670.300048828125,2670.5,19.0
2025-01-03 07:42:00+00:00,2670.0,2670.60009765625,2670.0,2670.5,14.0
2025-01-03 07:43:00+00:00,2670.199951171875,2670.199951171875,2670.10009765625,2670.10009765625,6.0
2025-01-03 07:44:00+00:00,2670.60009765625,2670.699951171875,2670.300048828125,2670.300048828125,30.0
2025-01-03 07:45:00+00:00,2669.60009765625,2670.60009765625,2669.39990234375,2670.60009765625,35.0
2025-01-03 07:46:00+00:00,2669.199951171875,2669.699951171875,2669.10009765625,2669.60009765625,34.0
2025-01-03 07:47:00+00:00,2668.800048828125,2669.199951171875,2668.800048828125,2669.199951171875,13.0
2025-01-03 07:48:00+00:00,2669.800048828125,2670.10009765625,2668.60009765625,2668.800048828125,143.0
2025-01-03 07:49:00+00:00,2670.10009765625,2670.199951171875,2669.60009765625,2669.699951171875,23.0
2025-01-03 07:50:00+00:00,2670.199951171875,2670.300048828125,2670.10009765625,2670.199951171875,8.0
2025-01-03 07:51:00+00:00,2670.39990234375,2670.39990234375,2670.0,2670.199951171875,14.0
2025-01-03 07:52:00+00:00,2671.5,2671.5,2670.5,2670.5,83.0
2025-01-03 07:53:00+00:00,2670.89990234375,2671.699951171875,2670.800048828125,2671.5,112.0
2025-01-03 07:54:00+00:00,2670.10009765625,2670.89990234375,2669.699951171875,2670.800048828125,109.0
2025-01-03 07:55:00+00:00,2670.5,2670.60009765625,2669.800048828125,2670.10009765625,55.0
2025-01-03 07:56:00+00:00,2670.800048828125,2671.0,2670.300048828125,2670.39990234375,75.0
2025-01-03 07:57:00+00:00,2670.60009765625,2670.89990234375,2670.0,2670.89990234375,117.0
2025-01-03 07:58:00+00:00,2670.300048828125,2671.0,2670.10009765625,2670.60009765625,162.0
2025-01-03 07:59:00+00:00,2669.60009765625,2670.60009765625,2669.5,2670.0,204.0
2025-01-03 08:00:00+00:00,2669.699951171875,2671.199951171875,2669.39990234375,2669.60009765625,335.0
2025-01-03 08:01:00+00:00,2670.39990234375,2670.5,2669.199951171875,2669.60009765625,159.0
2025-01-03 08:02:00+00:00,2669.60009765625,2670.699951171875,2669.60009765625,2670.39990234375,109.0
2025-01-03 08:03:00+00:00,2668.800048828125,2669.800048828125,2668.699951171875,2669.800048828125,239.0
2025-01-03 08:04:00+00:00,2668.10009765625,2669.0,2667.89990234375,2668.699951171875,128.0
2025-01-03 08:05:00+00:00,2667.60009765625,2668.10009765625,2667.199951171875,2668.10009765625,177.0
2025-01-03 08:06:00+00:00,2668.5,2668.60009765625,2667.5,2667.699951171875,131.0
2025-01-03 08:07:00+00:00,2668.60009765625,2668.89990234375,2668.39990234375,2668.5,66.0
2025-01-03 08:08:00+00:00,2668.10009765625,2668.89990234375,2668.0,2668.60009765625,65.0
2025-01-03 08:09:00+00:00,2668.39990234375,2668.39990234375,2667.0,2668.0,155.0
2025-01-03 08:10:00+00:00,2667.800048828125,2668.10009765625,2667.60009765625,2668.10009765625,34.0
2025-01-03 08:11:00+00:00,2669.10009765625,2669.199951171875,2667.89990234375,2667.89990234375,46.0
2025-01-03 08:12:00+00:00,2669.10009765625,2669.199951171875,2668.60009765625,2669.199951171875,57.0
2025-01-03 08:13:00+00:00,2669.10009765625,2669.39990234375,2669.0,2669.10009765625,81.0
2025-01-03 08:14:00+00:00,2669.0,2669.39990234375,2668.60009765625,2669.10009765625,75.0
2025-01-03 08:15:00+00:00,2668.60009765625,2669.10009765625,2668.5,2669.0,44.0
2025-01-03 08:16:00+00:00,2668.800048828125,2668.800048828125,2668.5,2668.5,45.0
2025-01-03 08:17:00+00:00,2667.89990234375,2669.39990234375,2667.89990234375,2668.800048828125,101.0
2025-01-03 08:18:00+00:00,2667.300048828125,2668.10009765625,2666.800048828125,2667.89990234375,224.0
2025-01-03 08:19:00+00:00,2667.800048828125,2667.89990234375,2667.60009765625,2667.60009765625,39.0
2025-01-03 08:20:00+00:00,2667.5,2667.89990234375,2667.39990234375,2667.89990234375,44.0
2025-01-03 08:21:00+00:00,2668.300048828125,2668.300048828125,2667.60009765625,2667.60009765625,39.0
2025-01-03 08:22:00+00:00,2668.89990234375,2669.5,2668.300048828125,2668.300048828125,120.0
2025-01-03 08:23:00+00:00,2668.699951171875,2669.199951171875,2668.699951171875,2668.89990234375,46.0
2025-01-03 08:24:00+00:00,2668.699951171875,2668.89990234375,2668.699951171875,2668.699951171875,33.0
2025-01-03 08:25:00+00:00,2668.39990234375,2669.10009765625,2668.39990234375,2668.800048828125,48.0
2025-01-03 08:26:00+00:00,2667.5,2668.39990234375,2667.5,2668.39990234375,82.0
2025-01-03 08:27:00+00:00,2667.10009765625,2667.60009765625,2667.0,2667.39990234375,68.0
2025-01-03 08:28:00+00:00,2667.199951171875,2667.39990234375,2666.60009765625,2667.0,134.0
2025-01-03 08:29:00+00:00,2667.5,2667.60009765625,2667.10009765625,2667.199951171875,43.0
2025-01-03 08:30:00+00:00,,,,,
2025-01-03 08:31:00+00:00,,,,,
2025-01-03 08:32:00+00:00,,,,,
2025-01-03 08:33:00+00:00,,,,,
2025-01-03 08:34:00+00:00,,,,,
2025-01-03 08:35:00+00:00,,,,,
2025-01-03 08:36:00+00:00,,,,,
2025-01-03 08:37:00+00:00,,,,,
2025-01-03 08:38:00+00:00,,,,,
2025-01-03 08:39:00+00:00,,,,,
2025-01-03 08:40:00+00:00,2667.39990234375,2667.5,2666.699951171875,2666.800048828125,712.0
2025-01-03 08:41:00+00:00,2667.0,2667.60009765625,2666.89990234375,2667.300048828125,75.0
2025-01-03 08:42:00+00:00,2666.699951171875,2667.199951171875,2666.60009765625,2666.800048828125,123.0
2025-01-03 08:43:00+00:00,2666.60009765625,2666.800048828125,2666.300048828125,2666.800048828125,53.0
2025-01-03 08:44:00+00:00,2667.39990234375,2667.39990234375,2666.300048828125,2666.39990234375,67.0
2025-01-03 08:45:00+00:00,2667.800048828125,2667.89990234375,2667.60009765625,2667.60009765625,64.0
2025-01-03 08:46:00+00:00,2667.89990234375,2668.0,2667.39990234375,2667.60009765625,68.0
2025-01-03 08:47:00+00:00,2667.699951171875,2668.10009765625,2667.5,2667.89990234375,101.0
2025-01-03 08:48:00+00:00,2666.5,2667.89990234375,2666.10009765625,2667.699951171875,123.0
2025-01-03 08:49:00+00:00,2664.699951171875,2666.300048828125,2664.5,2666.300048828125,340.0
2025-01-03 08:50:00+00:00,2665.5,2665.699951171875,2664.300048828125,2664.60009765625,373.0
2025-01-03 08:51:00+00:00,2665.800048828125,2666.10009765625,2664.89990234375,2665.60009765625,392.0
2025-01-03 08:52:00+00:00,2666.199951171875,2666.5,2665.199951171875,2665.800048828125,202.0
2025-01-03 08:53:00+00:00,2667.199951171875,2667.5,2666.199951171875,2666.199951171875,55.0
2025-01-03 08:54:00+00:00,2667.39990234375,2667.5,2667.199951171875,2667.199951171875,25.0
2025-01-03 08:55:00+00:00,2666.89990234375,2667.60009765625,2666.800048828125,2667.60009765625,56.0
2025-01-03 08:56:00+00:00,2667.60009765625,2667.60009765625,2667.0,2667.0,40.0
2025-01-03 08:57:00+00:00,2667.199951171875,2667.39990234375,2667.199951171875,2667.39990234375,11.0
2025-01-03 08:58:00+00:00,2666.699951171875,2667.10009765625,2666.60009765625,2667.0,20.0
2025-01-03 08:59:00+00:00,2667.10009765625,2667.10009765625,2666.300048828125,2666.699951171875,99.0
2025-01-03 09:00:00+00:00,2667.699951171875,2667.699951171875,2667.0,2667.10009765625,31.0
2025-01-03 09:01:00+00:00,2668.5,2668.699951171875,2667.699951171875,2667.699951171875,530.0
2025-01-03 09:02:00+00:00,2669.300048828125,2669.300048828125,2668.10009765625,2668.39990234375,199.0
2025-01-03 09:03:00+00:00,2669.199951171875,2669.300048828125,2668.699951171875,2669.199951171875,75.0
2025-01-03 09:04:00+00:00,2669.60009765625,2669.60009765625,2669.199951171875,2669.300048828125,41.0
2025-01-03 09:05:00+00:00,2669.300048828125,2669.60009765625,2669.199951171875,2669.60009765625,57.0
2025-01-03 09:06:00+00:00,2668.699951171875,2670.10009765625,2668.699951171875,2669.10009765625,180.0
2025-01-03 09:07:00+00:00,2668.60009765625,2669.39990234375,2668.5,2668.60009765625,69.0
2025-01-03 09:08:00+00:00,2668.699951171875,2668.89990234375,2668.39990234375,2668.60009765625,49.0
2025-01-03 09:09:00+00:00,2668.0,2668.800048828125,2667.699951171875,2668.699951171875,60.0
2025-01-03 09:10:00+00:00,2668.199951171875,2668.60009765625,2668.10009765625,2668.199951171875,69.0
2025-01-03 09:11:00+00:00,2667.699951171875,2668.199951171875,2667.39990234375,2668.199951171875,51.0
2025-01-03 09:12:00+00:00,2668.199951171875,2668.300048828125,2667.699951171875,2667.89990234375,88.0
2025-01-03 09:13:00+00:00,2668.39990234375,2668.699951171875,2668.0,2668.10009765625,55.0
2025-01-03 09:14:00+00:00,2669.0,2669.0,2668.39990234375,2668.60009765625,32.0
2025-01-03 09:15:00+00:00,2668.800048828125,2668.89990234375,2668.60009765625,2668.89990234375,27.0
2025-01-03 09:16:00+00:00,2668.699951171875,2669.0,2668.60009765625,2669.0,14.0
2025-01-03 09:17:00+00:00,2668.10009765625,2668.800048828125,2667.800048828125,2668.800048828125,87.0
2025-01-03 09:18:00+00:00,2667.60009765625,2668.0,2667.5,2668.0,20.0
2025-01-03 09:19:00+00:00,2668.10009765625,2668.10009765625,2667.5,2667.5,55.0
2025-01-03 09:20:00+00:00,2669.699951171875,2669.699951171875,2668.199951171875,2668.199951171875,196.0
2025-01-03 09:21:00+00:00,2670.10009765625,2670.5,2669.699951171875,2669.800048828125,178.0
2025-01-03 09:22:00+00:00,2669.800048828125,2670.10009765625,2669.60009765625,2670.0,113.0
2025-01-03 09:23:00+00:00,2670.10009765625,2670.10009765625,2669.300048828125,2669.5,74.0
2025-01-03 09:24:00+00:00,2669.89990234375,2670.10009765625,2669.800048828125,2670.0,19.0
2025-01-03 09:25:00+00:00,2669.699951171875,2669.89990234375,2669.39990234375,2669.800048828125,42.0
2025-01-03 09:26:00+00:00,2669.39990234375,2669.60009765625,2669.300048828125,2669.5,108.0
2025-01-03 09:27:00+00:00,2669.199951171875,2669.300048828125,2669.10009765625,2669.300048828125,23.0
2025-01-03 09:28:00+00:00,2668.60009765625,2669.10009765625,2668.39990234375,2669.10009765625,33.0
2025-01-03 09:29:00+00:00,2668.199951171875,2668.39990234375,2667.800048828125,2668.199951171875,48.0
2025-01-03 09:30:00+00:00,2668.60009765625,2668.60009765625,2668.300048828125,2668.39990234375,14.0
2025-01-03 09:31:00+00:00,2668.5,2668.800048828125,2668.5,2668.699951171875,211.0
2025-01-03 09:32:00+00:00,2668.39990234375,2668.699951171875,2668.39990234375,2668.39990234375,21.0
2025-01-03 09:33:00+00:00,2668.699951171875,2668.699951171875,2668.5,2668.5,10.0
2025-01-03 09:34:00+00:00,2669.0,2669.0,2668.60009765625,2668.60009765625,8.0
2025-01-03 09:35:00+00:00,2669.300048828125,2669.39990234375,2668.699951171875,2669.0,36.0
2025-01-03 09:36:00+00:00,2669.699951171875,2670.300048828125,2669.199951171875,2669.199951171875,82.0
2025-01-03 09:37:00+00:00,2669.699951171875,2669.699951171875,2669.199951171875,2669.60009765625,47.0
2025-01-03 09:38:00+00:00,2669.39990234375,2669.699951171875,2669.39990234375,2669.699951171875,27.0
2025-01-03 09:39:00+00:00,2669.300048828125,2669.5,2669.199951171875,2669.5,16.0
2025-01-03 09:40:00+00:00,2669.60009765625,2669.800048828125,2669.39990234375,2669.39990234375,16.0
2025-01-03 09:41:00+00:00,2669.39990234375,2669.800048828125,2669.39990234375,2669.5,22.0
2025-01-03 09:42:00+00:00,2668.89990234375,2669.300048828125,2668.89990234375,2669.300048828125,17.0
2025-01-03 09:43:00+00:00,2668.699951171875,2669.0,2668.699951171875,2669.0,13.0
2025-01-03 09:44:00+00:00,2668.39990234375,2668.699951171875,2668.300048828125,2668.699951171875,32.0
2025-01-03 09:45:00+00:00,2668.39990234375,2668.39990234375,2668.10009765625,2668.39990234375,13.0
2025-01-03 09:46:00+00:00,2668.5,2668.5,2668.0,2668.199951171875,18.0
2025-01-03 09:47:00+00:00,2668.60009765625,2668.60009765625,2668.39990234375,2668.39990234375,16.0
2025-01-03 09:48:00+00:00,2668.89990234375,2668.89990234375,2668.5,2668.699951171875,22.0
2025-01-03 09:49:00+00:00,2668.39990234375,2668.89990234375,2668.39990234375,2668.800048828125,35.0
2025-01-03 09:50:00+00:00,2668.10009765625,2668.199951171875,2667.800048828125,2668.199951171875,35.0
2025-01-03 09:51:00+00:00,2667.89990234375,2668.0,2667.89990234375,2668.0,31.0
2025-01-03 09:52:00+00:00,2667.699951171875,2667.89990234375,2667.39990234375,2667.89990234375,48.0
2025-01-03 09:53:00+00:00,2667.5,2667.699951171875,2667.5,2667.699951171875,9.0
2025-01-03 09:54:00+00:00,2667.800048828125,2667.800048828125,2667.10009765625,2667.39990234375,51.0
2025-01-03 09:55:00+00:00,2667.89990234375,2668.0,2667.699951171875,2667.89990234375,14.0
2025-01-03 09:56:00+00:00,2668.10009765625,2668.10009765625,2668.0,2668.0,6.0
2025-01-03 09:57:00+00:00,2668.199951171875,2668.199951171875,2668.0,2668.0,7.0
2025-01-03 09:58:00+00:00,2668.199951171875,2668.5,2668.0,2668.39990234375,64.0
2025-01-03 09:59:00+00:00,2667.699951171875,2668.199951171875,2667.60009765625,2668.199951171875,40.0
2025-01-03 10:00:00+00:00,2667.699951171875,2668.10009765625,2667.60009765625,2667.699951171875,32.0
2025-01-03 10:01:00+00:00,2668.60009765625,2668.800048828125,2667.5,2667.699951171875,86.0
2025-01-03 10:02:00+00:00,2669.0,2669.0,2668.60009765625,2668.60009765625,67.0
2025-01-03 10:03:00+00:00,2669.699951171875,2669.89990234375,2669.0,2669.0,46.0
2025-01-03 10:04:00+00:00,2669.800048828125,2670.199951171875,2669.800048828125,2669.89990234375,134.0
2025-01-03 10:05:00+00:00,2670.300048828125,2670.5,2669.89990234375,2670.0,77.0
2025-01-03 10:06:00+00:00,2670.5,2670.699951171875,2670.300048828125,2670.300048828125,31.0
2025-01-03 10:07:00+00:00,2670.89990234375,2671.0,2670.300048828125,2670.5,68.0
2025-01-03 10:08:00+00:00,2670.5,2670.89990234375,2670.5,2670.800048828125,36.0
2025-01-03 10:09:00+00:00,2670.300048828125,2670.89990234375,2670.10009765625,2670.699951171875,130.0
2025-01-03 10:10:00+00:00,2670.60009765625,2670.800048828125,2670.300048828125,2670.300048828125,73.0
2025-01-03 10:11:00+00:00,2670.60009765625,2670.60009765625,2670.5,2670.5,22.0
2025-01-03 10:12:00+00:00,2670.300048828125,2670.60009765625,2670.10009765625,2670.5,31.0
2025-01-03 10:13:00+00:00,2670.300048828125,2670.5,2670.300048828125,2670.5,18.0
2025-01-03 10:14:00+00:00,2670.89990234375,2670.89990234375,2670.0,2670.199951171875,298.0
2025-01-03 10:15:00+00:00,2671.5,2671.89990234375,2670.800048828125,2670.800048828125,340.0
2025-01-03 10:16:00+00:00,2670.60009765625,2671.5,2670.60009765625,2671.39990234375,74.0
2025-01-03 10:17:00+00:00,2669.89990234375,2670.60009765625,2669.699951171875,2670.39990234375,63.0
2025-01-03 10:18:00+00:00,2670.300048828125,2670.300048828125,2669.89990234375,2669.89990234375,27.0
2025-01-03 10:19:00+00:00,2670.199951171875,2670.300048828125,2670.10009765625,2670.10009765625,6.0
2025-01-03 10:20:00+00:00,2670.300048828125,2670.300048828125,2669.89990234375,2670.10009765625,16.0
2025-01-03 10:21:00+00:00,2670.5,2670.60009765625,2670.300048828125,2670.39990234375,24.0
2025-01-03 10:22:00+00:00,2670.300048828125,2670.5,2670.300048828125,2670.5,21.0
2025-01-03 10:23:00+00:00,2670.39990234375,2670.60009765625,2670.300048828125,2670.39990234375,24.0
2025-01-03 10:24:00+00:00,2670.800048828125,2671.10009765625,2670.39990234375,2670.5,347.0
2025-01-03 10:25:00+00:00,2670.5,2671.10009765625,2670.5,2670.699951171875,34.0
2025-01-03 10:26:00+00:00,2670.699951171875,2670.699951171875,2670.39990234375,2670.5,13.0
2025-01-03 10:27:00+00:00,2671.0,2671.0,2670.60009765625,2670.60009765625,37.0
2025-01-03 10:28:00+00:00,2670.800048828125,2671.0,2670.699951171875,2670.89990234375,49.0
2025-01-03 10:29:00+00:00,2670.39990234375,2670.800048828125,2670.300048828125,2670.60009765625,91.0
2025-01-03 10:30:00+00:00,2670.60009765625,2670.60009765625,2670.5,2670.5,6.0
2025-01-03 10:31:00+00:00,,,,,
2025-01-03 10:32:00+00:00,,,,,
2025-01-03 10:33:00+00:00,,,,,
2025-01-03 10:34:00+00:00,,,,,
2025-01-03 10:35:00+00:00,,,,,
2025-01-03 10:36:00+00:00,,,,,
2025-01-03 10:37:00+00:00,,,,,
2025-01-03 10:38:00+00:00,,,,,
2025-01-03 10:39:00+00:00,,,,,
2025-01-03 10:40:00+00:00,2668.0,2668.0,2667.39990234375,2667.800048828125,1132.0
2025-01-03 10:41:00+00:00,2668.39990234375,2668.5,2668.10009765625,2668.10009765625,30.0
2025-01-03 10:42:00+00:00,2668.699951171875,2668.699951171875,2668.300048828125,2668.300048828125,33.0
2025-01-03 10:43:00+00:00,2669.199951171875,2669.199951171875,2668.699951171875,2668.800048828125,92.0
2025-01-03 10:44:00+00:00,2669.39990234375,2669.5,2669.10009765625,2669.300048828125,58.0
2025-01-03 10:45:00+00:00,2669.199951171875,2669.5,2669.0,2669.5,54.0
2025-01-03 10:46:00+00:00,2669.300048828125,2669.5,2668.89990234375,2669.10009765625,87.0
2025-01-03 10:47:00+00:00,2669.300048828125,2669.5,2669.199951171875,2669.199951171875,59.0
2025-01-03 10:48:00+00:00,2669.5,2669.89990234375,2669.10009765625,2669.199951171875,61.0
2025-01-03 10:49:00+00:00,2669.5,2669.60009765625,2669.39990234375,2669.39990234375,19.0
2025-01-03 10:50:00+00:00,2669.5,2669.60009765625,2669.39990234375,2669.5,8.0
2025-01-03 10:51:00+00:00,2669.39990234375,2669.39990234375,2669.300048828125,2669.39990234375,8.0
2025-01-03 10:52:00+00:00,2670.199951171875,2670.39990234375,2669.39990234375,2669.39990234375,66.0
2025-01-03 10:53:00+00:00,2669.89990234375,2670.5,2669.89990234375,2670.39990234375,37.0
2025-01-03 10:54:00+00:00,2670.39990234375,2670.39990234375,2669.89990234375,2669.89990234375,18.0
2025-01-03 10:55:00+00:00,2671.10009765625,2671.300048828125,2670.39990234375,2670.39990234375,122.0
2025-01-03 10:56:00+00:00,2671.5,2671.5,2671.0,2671.199951171875,62.0
2025-01-03 10:57:00+00:00,2671.60009765625,2671.800048828125,2671.5,2671.60009765625,164.0
2025-01-03 10:58:00+00:00,2671.800048828125,2671.89990234375,2671.5,2671.60009765625,155.0
2025-01-03 10:59:00+00:00,2672.0,2672.300048828125,2671.800048828125,2671.800048828125,63.0
2025-01-03 11:00:00+00:00,2672.10009765625,2672.300048828125,2671.89990234375,2672.0,44.0
2025-01-03 11:01:00+00:00,2672.0,2672.10009765625,2671.60009765625,2672.10009765625,47.0
2025-01-03 11:02:00+00:00,2672.199951171875,2672.199951171875,2671.5,2672.0,63.0
2025-01-03 11:03:00+00:00,2672.39990234375,2672.39990234375,2672.10009765625,2672.199951171875,22.0
2025-01-03 11:04:00+00:00,2672.60009765625,2672.60009765625,2672.300048828125,2672.300048828125,39.0
2025-01-03 11:05:00+00:00,2672.89990234375,2673.0,2672.60009765625,2672.60009765625,68.0
2025-01-03 11:06:00+00:00,2673.10009765625,2673.199951171875,2672.800048828125,2672.800048828125,66.0
2025-01-03 11:07:00+00:00,2672.89990234375,2673.199951171875,2672.89990234375,2673.199951171875,38.0
2025-01-03 11:08:00+00:00,2672.300048828125,2673.0,2672.199951171875,2672.89990234375,81.0
2025-01-03 11:09:00+00:00,2672.199951171875,2672.300048828125,2672.10009765625,2672.300048828125,18.0
2025-01-03 11:10:00+00:00,2672.300048828125,2672.5,2672.199951171875,2672.199951171875,24.0
2025-01-03 11:11:00+00:00,2672.60009765625,2672.60009765625,2672.10009765625,2672.10009765625,35.0
2025-01-03 11:12:00+00:00,2672.699951171875,2672.800048828125,2672.60009765625,2672.699951171875,20.0
2025-01-03 11:13:00+00:00,2672.199951171875,2673.0,2672.199951171875,2672.699951171875,33.0
2025-01-03 11:14:00+00:00,2672.10009765625,2672.300048828125,2672.10009765625,2672.300048828125,10.0
2025-01-03 11:15:00+00:00,2672.300048828125,2672.39990234375,2671.699951171875,2672.10009765625,50.0
2025-01-03 11:16:00+00:00,2673.10009765625,2673.10009765625,2672.300048828125,2672.300048828125,40.0
2025-01-03 11:17:00+00:00,2673.10009765625,2673.5,2672.800048828125,2673.10009765625,129.0
2025-01-03 11:18:00+00:00,2671.89990234375,2673.199951171875,2671.699951171875,2673.199951171875,83.0
2025-01-03 11:19:00+00:00,2672.60009765625,2672.699951171875,2672.10009765625,2672.10009765625,109.0
2025-01-03 11:20:00+00:00,2671.699951171875,2672.800048828125,2671.5,2672.699951171875,125.0
2025-01-03 11:21:00+00:00,2671.60009765625,2671.800048828125,2671.5,2671.699951171875,30.0
2025-01-03 11:22:00+00:00,2671.300048828125,2671.800048828125,2671.10009765625,2671.60009765625,74.0
2025-01-03 11:23:00+00:00,2671.10009765625,2671.300048828125,2670.800048828125,2671.300048828125,67.0
2025-01-03 11:24:00+00:00,2671.800048828125,2671.800048828125,2670.800048828125,2670.89990234375,55.0
2025-01-03 11:25:00+00:00,2671.39990234375,2671.60009765625,2671.199951171875,2671.60009765625,32.0
2025-01-03 11:26:00+00:00,2671.300048828125,2671.300048828125,2671.199951171875,2671.199951171875,50.0
2025-01-03 11:27:00+00:00,2671.699951171875,2671.699951171875,2671.199951171875,2671.39990234375,19.0
2025-01-03 11:28:00+00:00,2671.60009765625,2671.800048828125,2671.60009765625,2671.699951171875,35.0
2025-01-03 11:29:00+00:00,2671.39990234375,2671.60009765625,2671.39990234375,2671.60009765625,7.0
2025-01-03 11:30:00+00:00,2671.10009765625,2671.60009765625,2671.10009765625,2671.5,16.0
2025-01-03 11:31:00+00:00,2672.10009765625,2672.10009765625,2672.10009765625,2672.10009765625,0.0
2025-01-03 11:32:00+00:00,2672.10009765625,2672.199951171875,2672.0,2672.199951171875,45401.0
2025-01-03 11:33:00+00:00,2672.0,2672.300048828125,2672.0,2672.10009765625,21.0
2025-01-03 11:34:00+00:00,2671.89990234375,2672.0,2671.89990234375,2672.0,6.0
2025-01-03 11:36:00+00:00,2672.10009765625,2672.199951171875,2671.89990234375,2672.10009765625,85.0
2025-01-03 11:37:00+00:00,2672.199951171875,2672.5,2672.10009765625,2672.199951171875,45.0
2025-01-03 11:38:00+00:00,2672.10009765625,2672.10009765625,2671.60009765625,2672.10009765625,38.0
2025-01-03 11:39:00+00:00,2672.10009765625,2672.300048828125,2671.800048828125,2672.0,82.0
2025-01-03 11:40:00+00:00,2672.300048828125,2672.300048828125,2672.199951171875,2672.199951171875,11.0
2025-01-03 11:41:00+00:00,2672.10009765625,2672.39990234375,2672.0,2672.199951171875,32.0
2025-01-03 11:42:00+00:00,2672.60009765625,2672.60009765625,2672.199951171875,2672.199951171875,23.0
2025-01-03 11:43:00+00:00,2672.699951171875,2672.800048828125,2672.60009765625,2672.60009765625,24.0
2025-01-03 11:44:00+00:00,2673.0,2673.199951171875,2672.699951171875,2672.699951171875,42.0
2025-01-03 11:45:00+00:00,2673.10009765625,2673.39990234375,2672.89990234375,2673.0,39.0
2025-01-03 11:46:00+00:00,2673.10009765625,2673.39990234375,2672.89990234375,2673.10009765625,75.0
2025-01-03 11:47:00+00:00,2672.699951171875,2673.0,2672.5,2672.89990234375,58.0
2025-01-03 11:48:00+00:00,2672.5,2672.800048828125,2671.800048828125,2672.699951171875,69.0
2025-01-03 11:49:00+00:00,2672.5,2672.5,2671.60009765625,2672.300048828125,114.0
2025-01-03 11:50:00+00:00,2672.5,2673.10009765625,2672.0,2672.39990234375,247.0
2025-01-03 11:51:00+00:00,2672.0,2672.39990234375,2671.89990234375,2672.39990234375,96.0
2025-01-03 11:52:00+00:00,2671.89990234375,2672.300048828125,2671.800048828125,2672.10009765625,88.0
2025-01-03 11:53:00+00:00,2671.89990234375,2672.10009765625,2671.800048828125,2672.0,36.0
2025-01-03 11:54:00+00:00,2671.800048828125,2672.0,2671.699951171875,2671.89990234375,24.0
2025-01-03 11:55:00+00:00,2671.89990234375,2671.89990234375,2671.5,2671.699951171875,37.0
2025-01-03 11:56:00+00:00,2672.199951171875,2672.60009765625,2671.5,2671.699951171875,78.0
2025-01-03 11:57:00+00:00,2672.10009765625,2672.300048828125,2672.0,2672.199951171875,88.0
2025-01-03 11:58:00+00:00,2672.300048828125,2672.300048828125,2671.800048828125,2672.0,165.0
2025-01-03 11:59:00+00:00,2672.10009765625,2672.300048828125,2671.89990234375,2672.199951171875,190.0
2025-01-03 12:00:00+00:00,2672.0,2672.199951171875,2671.5,2672.10009765625,128.0
2025-01-03 12:01:00+00:00,2671.89990234375,2672.0,2671.800048828125,2672.0,27.0
2025-01-03 12:02:00+00:00,2671.699951171875,2672.10009765625,2671.699951171875,2671.800048828125,88.0
2025-01-03 12:03:00+00:00,2672.10009765625,2672.39990234375,2671.60009765625,2671.60009765625,115.0
2025-01-03 12:04:00+00:00,2672.60009765625,2672.60009765625,2672.0,2672.0,264.0
2025-01-03 12:05:00+00:00,2672.699951171875,2672.800048828125,2672.60009765625,2672.699951171875,30.0
2025-01-03 12:06:00+00:00,2672.199951171875,2672.60009765625,2671.60009765625,2672.60009765625,30.0
2025-01-03 12:07:00+00:00,2672.199951171875,2672.199951171875,2672.0,2672.10009765625,16.0
2025-01-03 12:08:00+00:00,2672.199951171875,2672.199951171875,2672.0,2672.10009765625,16.0
2025-01-03 12:09:00+00:00,2672.39990234375,2672.60009765625,2672.0,2672.199951171875,42.0
2025-01-03 12:10:00+00:00,2672.199951171875,2672.39990234375,2672.10009765625,2672.39990234375,12.0
2025-01-03 12:11:00+00:00,2671.89990234375,2672.0,2671.89990234375,2672.0,27.0
2025-01-03 12:12:00+00:00,2672.0,2672.0,2671.800048828125,2671.89990234375,17.0
2025-01-03 12:13:00+00:00,2672.300048828125,2672.5,2672.10009765625,2672.10009765625,41.0
2025-01-03 12:14:00+00:00,2672.300048828125,2672.300048828125,2672.0,2672.10009765625,5.0
2025-01-03 12:15:00+00:00,2671.5,2672.300048828125,2671.39990234375,2672.300048828125,43.0
2025-01-03 12:16:00+00:00,2671.800048828125,2671.89990234375,2671.60009765625,2671.699951171875,62.0
2025-01-03 12:17:00+00:00,2671.10009765625,2671.699951171875,2670.89990234375,2671.699951171875,66.0
2025-01-03 12:18:00+00:00,2671.60009765625,2671.699951171875,2671.0,2671.199951171875,39.0
2025-01-03 12:19:00+00:00,2671.5,2672.0,2671.5,2671.800048828125,67.0
2025-01-03 12:20:00+00:00,2671.300048828125,2671.5,2671.199951171875,2671.5,22.0
2025-01-03 12:21:00+00:00,2671.10009765625,2671.300048828125,2670.89990234375,2671.300048828125,47.0
2025-01-03 12:22:00+00:00,2671.699951171875,2671.699951171875,2670.89990234375,2671.0,13.0
2025-01-03 12:23:00+00:00,2671.199951171875,2671.699951171875,2671.199951171875,2671.699951171875,18.0
2025-01-03 12:24:00+00:00,,,,,
2025-01-03 12:25:00+00:00,2670.39990234375,2671.39990234375,2670.39990234375,2671.39990234375,86.0
2025-01-03 12:26:00+00:00,2669.39990234375,2670.300048828125,2669.39990234375,2670.300048828125,65.0
2025-01-03 12:27:00+00:00,2669.39990234375,2669.699951171875,2669.39990234375,2669.5,45.0
2025-01-03 12:28:00+00:00,2669.800048828125,2669.89990234375,2669.39990234375,2669.5,209.0
2025-01-03 12:29:00+00:00,2669.699951171875,2670.0,2669.300048828125,2669.89990234375,68.0
2025-01-03 12:30:00+00:00,2669.199951171875,2669.39990234375,2668.800048828125,2669.39990234375,105.0
2025-01-03 12:31:00+00:00,2669.10009765625,2669.10009765625,2668.89990234375,2669.10009765625,24.0
2025-01-03 12:32:00+00:00,2668.89990234375,2669.199951171875,2668.60009765625,2669.0,62.0
2025-01-03 12:33:00+00:00,2669.5,2669.5,2669.0,2669.0,30.0
2025-01-03 12:34:00+00:00,2669.89990234375,2669.89990234375,2669.199951171875,2669.5,34.0
2025-01-03 12:35:00+00:00,2669.199951171875,2669.800048828125,2669.0,2669.800048828125,53.0
2025-01-03 12:36:00+00:00,2669.699951171875,2669.89990234375,2669.300048828125,2669.300048828125,41.0
2025-01-03 12:37:00+00:00,2669.699951171875,2670.0,2669.60009765625,2669.60009765625,45.0
2025-01-03 12:38:00+00:00,2670.0,2670.199951171875,2669.60009765625,2669.60009765625,37.0
2025-01-03 12:39:00+00:00,2670.300048828125,2670.39990234375,2669.89990234375,2670.0,72.0
2025-01-03 12:40:00+00:00,2670.800048828125,2671.0,2670.5,2670.5,122.0
2025-01-03 12:41:00+00:00,,,,,
2025-01-03 12:42:00+00:00,2671.0,2671.10009765625,2670.5,2670.5,103.0
2025-01-03 12:43:00+00:00,2670.39990234375,2671.0,2670.39990234375,2671.0,21.0
2025-01-03 12:44:00+00:00,2670.800048828125,2671.199951171875,2670.5,2670.5,58.0
2025-01-03 12:45:00+00:00,2670.89990234375,2671.10009765625,2670.5,2670.699951171875,15.0
2025-01-03 12:46:00+00:00,2671.300048828125,2671.5,2671.10009765625,2671.10009765625,63.0
2025-01-03 12:47:00+00:00,2671.300048828125,2671.5,2671.10009765625,2671.39990234375,27.0
2025-01-03 12:48:00+00:00,2671.10009765625,2671.300048828125,2670.89990234375,2671.199951171875,28.0
2025-01-03 12:49:00+00:00,2670.89990234375,2671.39990234375,2670.89990234375,2671.199951171875,24.0
2025-01-03 12:50:00+00:00,2671.0,2671.300048828125,2670.89990234375,2670.89990234375,37.0
2025-01-03 12:51:00+00:00,2671.0,2671.10009765625,2670.89990234375,2670.89990234375,33.0
2025-01-03 12:52:00+00:00,2670.39990234375,2671.0,2670.199951171875,2671.0,65.0
2025-01-03 12:53:00+00:00,2670.10009765625,2670.5,2670.10009765625,2670.300048828125,62.0
2025-01-03 12:54:00+00:00,2669.60009765625,2670.0,2669.5,2670.0,50.0
2025-01-03 12:55:00+00:00,2669.300048828125,2669.800048828125,2669.199951171875,2669.60009765625,42.0
2025-01-03 12:56:00+00:00,2669.39990234375,2669.60009765625,2669.39990234375,2669.39990234375,28.0
2025-01-03 12:57:00+00:00,2669.699951171875,2669.89990234375,2669.5,2669.60009765625,69.0
2025-01-03 12:58:00+00:00,2669.5,2669.800048828125,2669.199951171875,2669.699951171875,83.0
2025-01-03 12:59:00+00:00,2669.300048828125,2669.5,2669.10009765625,2669.300048828125,42.0
2025-01-03 13:00:00+00:00,2668.5,2669.199951171875,2667.800048828125,2669.10009765625,299.0
2025-01-03 13:01:00+00:00,2668.699951171875,2669.0,2668.10009765625,2668.300048828125,115.0
2025-01-03 13:02:00+00:00,2668.5,2669.300048828125,2668.5,2668.699951171875,62.0
2025-01-03 13:03:00+00:00,2668.300048828125,2669.0,2668.300048828125,2668.699951171875,49.0
2025-01-03 13:04:00+00:00,2667.39990234375,2668.199951171875,2667.300048828125,2668.10009765625,90.0
2025-01-03 13:05:00+00:00,2667.60009765625,2667.89990234375,2667.10009765625,2667.39990234375,149.0
2025-01-03 13:06:00+00:00,2667.89990234375,2668.300048828125,2667.5,2667.5,66.0
2025-01-03 13:07:00+00:00,2668.60009765625,2668.800048828125,2668.0,2668.0,67.0
2025-01-03 13:08:00+00:00,2668.60009765625,2669.0,2668.5,2668.60009765625,43.0
2025-01-03 13:09:00+00:00,2669.10009765625,2669.199951171875,2668.60009765625,2668.60009765625,74.0
2025-01-03 13:10:00+00:00,2668.800048828125,2669.5,2668.300048828125,2669.199951171875,84.0
2025-01-03 13:11:00+00:00,2669.89990234375,2670.0,2668.699951171875,2668.699951171875,96.0
2025-01-03 13:12:00+00:00,2669.800048828125,2670.0,2669.60009765625,2669.800048828125,51.0
2025-01-03 13:13:00+00:00,2669.0,2669.699951171875,2669.0,2669.699951171875,52.0
2025-01-03 13:14:00+00:00,2669.300048828125,2669.300048828125,2668.699951171875,2669.10009765625,51.0
2025-01-03 13:15:00+00:00,2669.39990234375,2670.300048828125,2669.10009765625,2669.10009765625,116.0
2025-01-03 13:16:00+00:00,2668.89990234375,2669.60009765625,2668.60009765625,2669.5,110.0
2025-01-03 13:17:00+00:00,2668.300048828125,2669.0,2667.89990234375,2668.89990234375,164.0
2025-01-03 13:18:00+00:00,2666.60009765625,2668.300048828125,2666.60009765625,2668.300048828125,208.0
2025-01-03 13:19:00+00:00,2666.10009765625,2666.699951171875,2666.10009765625,2666.5,169.0
2025-01-03 13:20:00+00:00,2665.800048828125,2666.39990234375,2665.300048828125,2666.10009765625,296.0
2025-01-03 13:21:00+00:00,2666.60009765625,2667.699951171875,2665.39990234375,2665.699951171875,373.0
2025-01-03 13:22:00+00:00,2667.0,2667.39990234375,2666.0,2666.699951171875,429.0
2025-01-03 13:23:00+00:00,2662.60009765625,2667.0,2662.5,2667.0,1059.0
2025-01-03 13:24:00+00:00,2664.300048828125,2664.5,2662.10009765625,2662.60009765625,569.0
2025-01-03 13:25:00+00:00,2664.199951171875,2664.89990234375,2664.10009765625,2664.300048828125,201.0
2025-01-03 13:26:00+00:00,2664.10009765625,2664.199951171875,2662.800048828125,2664.0,247.0
2025-01-03 13:27:00+00:00,2664.199951171875,2664.60009765625,2663.5,2664.10009765625,211.0
2025-01-03 13:28:00+00:00,2663.300048828125,2664.300048828125,2662.60009765625,2664.300048828125,204.0
2025-01-03 13:29:00+00:00,2663.5,2664.0,2662.89990234375,2663.39990234375,217.0
2025-01-03 13:30:00+00:00,2664.300048828125,2664.89990234375,2663.39990234375,2663.39990234375,204.0
2025-01-03 13:31:00+00:00,2662.5,2665.10009765625,2662.300048828125,2664.300048828125,299.0
2025-01-03 13:32:00+00:00,2664.699951171875,2665.0,2662.5,2662.5,279.0
2025-01-03 13:33:00+00:00,2664.10009765625,2664.89990234375,2663.800048828125,2664.699951171875,196.0
2025-01-03 13:34:00+00:00,2664.10009765625,2664.39990234375,2664.10009765625,2664.199951171875,57.0
2025-01-03 13:35:00+00:00,2664.89990234375,2665.10009765625,2664.0,2664.199951171875,140.0
2025-01-03 13:36:00+00:00,2664.39990234375,2664.800048828125,2663.60009765625,2664.699951171875,150.0
2025-01-03 13:37:00+00:00,2662.300048828125,2664.60009765625,2662.300048828125,2664.5,289.0
2025-01-03 13:38:00+00:00,2659.60009765625,2662.300048828125,2659.199951171875,2662.300048828125,1225.0
2025-01-03 13:39:00+00:00,2658.699951171875,2660.10009765625,2657.300048828125,2659.60009765625,668.0
2025-01-03 13:40:00+00:00,2657.800048828125,2658.89990234375,2657.0,2658.60009765625,337.0
2025-01-03 13:41:00+00:00,2658.699951171875,2658.89990234375,2657.800048828125,2657.800048828125,329.0
2025-01-03 13:42:00+00:00,2659.60009765625,2659.800048828125,2658.60009765625,2658.800048828125,189.0
2025-01-03 13:43:00+00:00,2659.60009765625,2660.10009765625,2659.39990234375,2659.60009765625,242.0
2025-01-03 13:44:00+00:00,2659.300048828125,2659.699951171875,2658.800048828125,2659.5,139.0
2025-01-03 13:45:00+00:00,2661.39990234375,2661.699951171875,2659.199951171875,2659.199951171875,389.0
2025-01-03 13:46:00+00:00,2661.39990234375,2661.39990234375,2660.60009765625,2661.300048828125,183.0
2025-01-03 13:47:00+00:00,2661.699951171875,2662.199951171875,2660.5,2661.39990234375,185.0
2025-01-03 13:48:00+00:00,2662.800048828125,2662.800048828125,2661.89990234375,2661.89990234375,259.0
2025-01-03 13:49:00+00:00,2662.5,2662.89990234375,2661.800048828125,2662.800048828125,160.0
2025-01-03 13:50:00+00:00,2663.699951171875,2663.89990234375,2662.5,2662.5,179.0
2025-01-03 13:51:00+00:00,2664.60009765625,2664.60009765625,2663.699951171875,2663.699951171875,170.0
2025-01-03 13:52:00+00:00,2664.699951171875,2665.0,2664.0,2664.5,116.0
2025-01-03 13:53:00+00:00,2665.0,2665.60009765625,2664.5,2664.5,269.0
2025-01-03 13:54:00+00:00,2665.699951171875,2665.699951171875,2664.800048828125,2665.10009765625,81.0
2025-01-03 13:55:00+00:00,2664.800048828125,2665.800048828125,2664.699951171875,2665.699951171875,180.0
2025-01-03 13:56:00+00:00,2663.5,2664.699951171875,2663.300048828125,2664.699951171875,162.0
2025-01-03 13:57:00+00:00,2664.10009765625,2664.5,2663.39990234375,2663.699951171875,387.0
2025-01-03 13:58:00+00:00,2664.199951171875,2664.60009765625,2663.89990234375,2663.89990234375,44.0
2025-01-03 13:59:00+00:00,2664.10009765625,2664.699951171875,2663.800048828125,2664.10009765625,107.0
2025-01-03 14:00:00+00:00,2663.199951171875,2664.300048828125,2662.39990234375,2664.0,240.0
2025-01-03 14:01:00+00:00,2663.0,2663.5,2662.800048828125,2663.300048828125,95.0
2025-01-03 14:02:00+00:00,2663.89990234375,2664.199951171875,2662.39990234375,2662.89990234375,164.0
2025-01-03 14:03:00+00:00,2663.800048828125,2664.699951171875,2663.199951171875,2663.699951171875,215.0
2025-01-03 14:04:00+00:00,2663.60009765625,2664.0,2663.39990234375,2663.60009765625,146.0
2025-01-03 14:05:00+00:00,2662.800048828125,2663.699951171875,2662.60009765625,2663.60009765625,254.0
2025-01-03 14:06:00+00:00,2663.800048828125,2664.199951171875,2662.800048828125,2662.800048828125,270.0
2025-01-03 14:07:00+00:00,2662.800048828125,2663.800048828125,2662.699951171875,2663.699951171875,220.0
2025-01-03 14:08:00+00:00,2662.39990234375,2662.89990234375,2661.39990234375,2662.699951171875,282.0
2025-01-03 14:09:00+00:00,2662.60009765625,2662.699951171875,2661.89990234375,2662.300048828125,253.0
2025-01-03 14:10:00+00:00,2661.89990234375,2663.199951171875,2661.89990234375,2662.60009765625,128.0
2025-01-03 14:11:00+00:00,2662.199951171875,2662.60009765625,2661.5,2661.699951171875,143.0
2025-01-03 14:12:00+00:00,2661.800048828125,2662.10009765625,2661.60009765625,2662.10009765625,144.0
2025-01-03 14:13:00+00:00,2661.699951171875,2662.39990234375,2661.0,2661.699951171875,153.0
2025-01-03 14:14:00+00:00,2661.199951171875,2661.89990234375,2660.89990234375,2661.39990234375,108.0
2025-01-03 14:15:00+00:00,2661.5,2662.300048828125,2661.199951171875,2661.199951171875,339.0
2025-01-03 14:16:00+00:00,2661.699951171875,2662.0,2661.300048828125,2661.60009765625,100.0
2025-01-03 14:17:00+00:00,2662.199951171875,2662.199951171875,2661.0,2661.699951171875,127.0
2025-01-03 14:18:00+00:00,2661.5,2662.60009765625,2661.300048828125,2662.300048828125,134.0
2025-01-03 14:19:00+00:00,2662.0,2662.10009765625,2661.5,2661.5,79.0
2025-01-03 14:20:00+00:00,2662.10009765625,2662.199951171875,2661.5,2661.89990234375,104.0
2025-01-03 14:21:00+00:00,2662.300048828125,2662.800048828125,2662.0,2662.10009765625,200.0
2025-01-03 14:22:00+00:00,2660.199951171875,2662.699951171875,2659.800048828125,2662.300048828125,282.0
2025-01-03 14:23:00+00:00,2660.10009765625,2660.5,2659.199951171875,2660.10009765625,170.0
2025-01-03 14:24:00+00:00,2660.0,2660.89990234375,2659.800048828125,2660.300048828125,137.0
2025-01-03 14:25:00+00:00,2661.800048828125,2662.10009765625,2659.60009765625,2659.800048828125,178.0
2025-01-03 14:26:00+00:00,2661.300048828125,2662.199951171875,2661.10009765625,2661.800048828125,122.0
2025-01-03 14:27:00+00:00,2661.5,2661.699951171875,2661.199951171875,2661.199951171875,71.0
2025-01-03 14:28:00+00:00,2663.199951171875,2663.199951171875,2661.5,2661.5,150.0
2025-01-03 14:29:00+00:00,2663.5,2663.89990234375,2662.60009765625,2663.199951171875,156.0
2025-01-03 14:30:00+00:00,2663.300048828125,2664.199951171875,2662.60009765625,2663.60009765625,312.0
2025-01-03 14:31:00+00:00,2665.5,2665.699951171875,2663.199951171875,2663.39990234375,386.0
2025-01-03 14:32:00+00:00,2664.699951171875,2665.800048828125,2664.5,2665.39990234375,174.0
2025-01-03 14:33:00+00:00,2665.39990234375,2665.699951171875,2664.5,2664.800048828125,116.0
2025-01-03 14:34:00+00:00,2665.5,2666.199951171875,2664.89990234375,2665.300048828125,238.0
2025-01-03 14:35:00+00:00,2664.10009765625,2665.39990234375,2663.89990234375,2665.39990234375,187.0
2025-01-03 14:36:00+00:00,2663.800048828125,2664.60009765625,2663.5,2664.0,109.0
2025-01-03 14:37:00+00:00,2664.10009765625,2664.300048828125,2663.39990234375,2663.60009765625,86.0
2025-01-03 14:38:00+00:00,2663.5,2664.60009765625,2663.199951171875,2664.39990234375,188.0
2025-01-03 14:39:00+00:00,2665.800048828125,2666.10009765625,2663.60009765625,2663.60009765625,162.0
2025-01-03 14:40:00+00:00,2666.39990234375,2666.60009765625,2665.800048828125,2665.800048828125,177.0
2025-01-03 14:41:00+00:00,2667.0,2667.0,2666.199951171875,2666.5,153.0
2025-01-03 14:42:00+00:00,2666.699951171875,2667.10009765625,2666.300048828125,2666.89990234375,320.0
2025-01-03 14:43:00+00:00,2665.60009765625,2666.60009765625,2665.300048828125,2666.5,260.0
2025-01-03 14:44:00+00:00,2665.300048828125,2666.5,2665.300048828125,2665.5,117.0
2025-01-03 14:45:00+00:00,2664.5,2665.300048828125,2663.60009765625,2665.199951171875,351.0
2025-01-03 14:46:00+00:00,2664.300048828125,2664.800048828125,2664.300048828125,2664.300048828125,173.0
2025-01-03 14:47:00+00:00,2663.60009765625,2664.699951171875,2663.60009765625,2664.199951171875,141.0
2025-01-03 14:48:00+00:00,2663.10009765625,2663.60009765625,2662.5,2663.5,317.0
2025-01-03 14:49:00+00:00,2663.0,2663.199951171875,2662.0,2663.0,271.0
2025-01-03 14:50:00+00:00,2662.300048828125,2662.800048828125,2662.10009765625,2662.800048828125,132.0
2025-01-03 14:51:00+00:00,2662.300048828125,2663.800048828125,2662.199951171875,2662.5,261.0
2025-01-03 14:52:00+00:00,2662.199951171875,2662.39990234375,2661.699951171875,2662.300048828125,184.0
2025-01-03 14:53:00+00:00,2661.199951171875,2662.10009765625,2661.0,2662.10009765625,388.0
2025-01-03 14:54:00+00:00,2660.800048828125,2661.300048828125,2660.300048828125,2661.10009765625,244.0
2025-01-03 14:55:00+00:00,2660.89990234375,2661.60009765625,2660.39990234375,2660.699951171875,266.0
2025-01-03 14:56:00+00:00,2661.5,2662.5,2660.89990234375,2660.89990234375,244.0
2025-01-03 14:57:00+00:00,2662.699951171875,2663.10009765625,2661.800048828125,2661.89990234375,182.0
2025-01-03 14:58:00+00:00,2662.89990234375,2663.0,2662.5,2662.800048828125,85.0
2025-01-03 14:59:00+00:00,2661.5,2663.199951171875,2661.5,2662.800048828125,133.0
2025-01-03 15:00:00+00:00,2661.199951171875,2662.300048828125,2659.10009765625,2661.60009765625,474.0
2025-01-03 15:01:00+00:00,2659.699951171875,2662.0,2659.699951171875,2661.0,340.0
2025-01-03 15:02:00+00:00,2659.10009765625,2659.89990234375,2658.5,2659.5,320.0
2025-01-03 15:03:00+00:00,2657.699951171875,2659.39990234375,2657.60009765625,2659.10009765625,772.0
2025-01-03 15:04:00+00:00,2659.699951171875,2659.699951171875,2657.5,2657.60009765625,241.0
2025-01-03 15:05:00+00:00,2661.89990234375,2662.199951171875,2659.800048828125,2659.89990234375,341.0
2025-01-03 15:06:00+00:00,2661.60009765625,2662.39990234375,2661.10009765625,2662.0,287.0
2025-01-03 15:07:00+00:00,2661.60009765625,2662.10009765625,2660.60009765625,2661.5,199.0
2025-01-03 15:08:00+00:00,2661.10009765625,2661.800048828125,2660.300048828125,2661.60009765625,95.0
2025-01-03 15:09:00+00:00,2660.0,2661.300048828125,2659.800048828125,2661.0,177.0
2025-01-03 15:10:00+00:00,2660.300048828125,2661.0,2659.800048828125,2660.0,153.0
2025-01-03 15:11:00+00:00,2658.5,2660.199951171875,2658.300048828125,2660.199951171875,236.0
2025-01-03 15:12:00+00:00,2659.800048828125,2659.89990234375,2658.300048828125,2658.60009765625,116.0
2025-01-03 15:13:00+00:00,2660.39990234375,2660.5,2660.10009765625,2660.300048828125,222.0
2025-01-03 15:14:00+00:00,2659.89990234375,2660.5,2659.800048828125,2660.39990234375,83.0
2025-01-03 15:15:00+00:00,2658.89990234375,2660.199951171875,2658.89990234375,2660.0,106.0
2025-01-03 15:16:00+00:00,2658.699951171875,2659.300048828125,2658.60009765625,2658.800048828125,130.0
2025-01-03 15:17:00+00:00,2659.0,2659.300048828125,2658.300048828125,2658.5,292.0
2025-01-03 15:18:00+00:00,2659.199951171875,2659.5,2658.800048828125,2659.199951171875,63.0
2025-01-03 15:19:00+00:00,2656.0,2659.0,2655.300048828125,2658.89990234375,1386.0
2025-01-03 15:20:00+00:00,2655.699951171875,2657.0,2655.5,2656.10009765625,308.0
2025-01-03 15:21:00+00:00,2657.199951171875,2657.199951171875,2655.0,2655.699951171875,385.0
2025-01-03 15:22:00+00:00,2657.10009765625,2657.699951171875,2656.89990234375,2657.199951171875,160.0
2025-01-03 15:23:00+00:00,2657.199951171875,2657.800048828125,2656.89990234375,2657.300048828125,107.0
2025-01-03 15:24:00+00:00,2656.89990234375,2657.699951171875,2656.699951171875,2657.39990234375,180.0
2025-01-03 15:25:00+00:00,2656.89990234375,2657.10009765625,2656.199951171875,2656.89990234375,88.0
2025-01-03 15:26:00+00:00,2657.89990234375,2658.0,2656.300048828125,2656.800048828125,262.0
2025-01-03 15:27:00+00:00,2656.39990234375,2658.199951171875,2656.300048828125,2657.89990234375,139.0
2025-01-03 15:28:00+00:00,2655.699951171875,2656.5,2655.5,2656.5,109.0
2025-01-03 15:29:00+00:00,2656.5,2656.5,2655.300048828125,2655.699951171875,87.0
2025-01-03 15:30:00+00:00,2656.5,2656.89990234375,2656.10009765625,2656.5,95.0
2025-01-03 15:31:00+00:00,2657.699951171875,2657.699951171875,2656.199951171875,2656.699951171875,142.0
2025-01-03 15:32:00+00:00,2658.199951171875,2658.699951171875,2657.60009765625,2657.60009765625,169.0
2025-01-03 15:33:00+00:00,2659.199951171875,2659.199951171875,2658.10009765625,2658.10009765625,111.0
2025-01-03 15:34:00+00:00,2658.39990234375,2659.60009765625,2658.10009765625,2659.10009765625,173.0
2025-01-03 15:35:00+00:00,2658.39990234375,2658.60009765625,2657.39990234375,2658.39990234375,93.0
2025-01-03 15:36:00+00:00,2658.60009765625,2659.0,2658.39990234375,2658.39990234375,108.0
2025-01-03 15:37:00+00:00,2658.800048828125,2660.10009765625,2658.5,2658.5,399.0
2025-01-03 15:38:00+00:00,2659.10009765625,2659.39990234375,2658.699951171875,2658.699951171875,136.0
2025-01-03 15:39:00+00:00,2659.89990234375,2660.0,2659.199951171875,2659.300048828125,467.0
2025-01-03 15:40:00+00:00,2658.5,2660.10009765625,2658.0,2659.800048828125,489.0
2025-01-03 15:41:00+00:00,2659.89990234375,2660.0,2658.60009765625,2658.60009765625,124.0
2025-01-03 15:42:00+00:00,2658.800048828125,2660.0,2658.800048828125,2659.699951171875,67.0
2025-01-03 15:43:00+00:00,2659.199951171875,2659.300048828125,2658.60009765625,2658.89990234375,75.0
2025-01-03 15:44:00+00:00,2659.199951171875,2659.699951171875,2659.10009765625,2659.300048828125,70.0
2025-01-03 15:45:00+00:00,2659.10009765625,2659.699951171875,2658.89990234375,2659.199951171875,184.0
2025-01-03 15:46:00+00:00,2658.39990234375,2659.10009765625,2658.199951171875,2659.10009765625,102.0
2025-01-03 15:47:00+00:00,2658.39990234375,2658.800048828125,2658.199951171875,2658.39990234375,69.0
2025-01-03 15:48:00+00:00,2659.0,2659.0,2658.199951171875,2658.39990234375,44.0
2025-01-03 15:49:00+00:00,2659.300048828125,2659.300048828125,2658.39990234375,2658.5,41.0
2025-01-03 15:50:00+00:00,2659.89990234375,2660.0,2659.300048828125,2659.300048828125,138.0
2025-01-03 15:51:00+00:00,2659.0,2659.699951171875,2659.0,2659.60009765625,64.0
2025-01-03 15:52:00+00:00,2658.89990234375,2659.39990234375,2658.60009765625,2658.800048828125,50.0
2025-01-03 15:53:00+00:00,2658.89990234375,2659.300048828125,2658.5,2659.0,42.0
2025-01-03 15:54:00+00:00,2658.5,2658.89990234375,2657.89990234375,2658.89990234375,72.0
2025-01-03 15:55:00+00:00,2658.300048828125,2658.60009765625,2657.800048828125,2658.5,93.0
2025-01-03 15:56:00+00:00,2658.199951171875,2658.89990234375,2658.10009765625,2658.60009765625,52.0
2025-01-03 15:57:00+00:00,2657.699951171875,2658.199951171875,2657.39990234375,2658.199951171875,82.0
2025-01-03 15:58:00+00:00,2658.300048828125,2658.300048828125,2657.800048828125,2657.800048828125,38.0
2025-01-03 15:59:00+00:00,2657.89990234375,2658.39990234375,2657.89990234375,2658.300048828125,398.0
2025-01-03 16:00:00+00:00,2658.699951171875,2659.0,2657.800048828125,2657.800048828125,174.0
2025-01-03 16:01:00+00:00,2659.10009765625,2659.89990234375,2658.699951171875,2658.699951171875,302.0
2025-01-03 16:02:00+00:00,2660.39990234375,2660.39990234375,2659.0,2659.199951171875,128.0
2025-01-03 16:03:00+00:00,2661.199951171875,2661.300048828125,2660.199951171875,2660.39990234375,199.0
2025-01-03 16:04:00+00:00,2660.699951171875,2661.300048828125,2660.5,2661.300048828125,54.0
2025-01-03 16:05:00+00:00,,,,,
2025-01-03 16:06:00+00:00,2660.300048828125,2660.60009765625,2660.10009765625,2660.5,254.0
2025-01-03 16:07:00+00:00,2659.199951171875,2660.5,2659.199951171875,2660.5,150.0
2025-01-03 16:08:00+00:00,2659.39990234375,2660.199951171875,2659.0,2659.10009765625,74.0
2025-01-03 16:09:00+00:00,2659.39990234375,2659.89990234375,2659.0,2659.60009765625,61.0
2025-01-03 16:10:00+00:00,2658.89990234375,2660.10009765625,2658.800048828125,2659.60009765625,100.0
2025-01-03 16:11:00+00:00,2658.0,2659.0,2657.89990234375,2658.89990234375,85.0
2025-01-03 16:12:00+00:00,2658.300048828125,2658.5,2658.0,2658.10009765625,38.0
2025-01-03 16:13:00+00:00,2658.10009765625,2658.39990234375,2658.0,2658.199951171875,51.0
2025-01-03 16:14:00+00:00,2657.39990234375,2658.10009765625,2657.10009765625,2658.10009765625,116.0
2025-01-03 16:15:00+00:00,2657.0,2657.39990234375,2656.699951171875,2657.39990234375,114.0
2025-01-03 16:16:00+00:00,2656.39990234375,2657.0,2656.0,2657.0,172.0
2025-01-03 16:17:00+00:00,2656.10009765625,2656.300048828125,2655.60009765625,2656.300048828125,165.0
2025-01-03 16:18:00+00:00,2656.10009765625,2656.699951171875,2655.89990234375,2656.0,63.0
2025-01-03 16:19:00+00:00,2656.199951171875,2656.39990234375,2655.89990234375,2656.10009765625,125.0
2025-01-03 16:20:00+00:00,2655.60009765625,2656.199951171875,2655.39990234375,2656.10009765625,67.0
2025-01-03 16:21:00+00:00,2656.10009765625,2656.199951171875,2655.5,2655.60009765625,54.0
2025-01-03 16:22:00+00:00,2655.89990234375,2656.39990234375,2655.60009765625,2656.10009765625,97.0
2025-01-03 16:23:00+00:00,2655.60009765625,2655.89990234375,2655.10009765625,2655.89990234375,207.0
2025-01-03 16:24:00+00:00,2656.0,2656.199951171875,2655.300048828125,2655.5,305.0
2025-01-03 16:25:00+00:00,2656.10009765625,2656.300048828125,2655.60009765625,2655.89990234375,149.0
2025-01-03 16:26:00+00:00,2655.89990234375,2656.39990234375,2655.800048828125,2656.300048828125,107.0
2025-01-03 16:27:00+00:00,2654.800048828125,2656.0,2654.0,2655.89990234375,765.0
2025-01-03 16:28:00+00:00,2654.300048828125,2654.89990234375,2654.199951171875,2654.800048828125,105.0
2025-01-03 16:29:00+00:00,2654.800048828125,2655.10009765625,2654.199951171875,2654.39990234375,102.0
2025-01-03 16:30:00+00:00,2654.800048828125,2655.10009765625,2654.5,2654.800048828125,129.0
2025-01-03 16:31:00+00:00,2656.10009765625,2656.199951171875,2654.699951171875,2654.699951171875,179.0
2025-01-03 16:32:00+00:00,2655.39990234375,2656.10009765625,2655.300048828125,2656.0,175.0
2025-01-03 16:33:00+00:00,2655.300048828125,2655.60009765625,2655.10009765625,2655.39990234375,435.0
2025-01-03 16:34:00+00:00,2655.39990234375,2655.60009765625,2655.0,2655.300048828125,64.0
2025-01-03 16:35:00+00:00,2655.10009765625,2655.60009765625,2654.800048828125,2655.39990234375,169.0
2025-01-03 16:36:00+00:00,2655.39990234375,2655.60009765625,2655.199951171875,2655.300048828125,55.0
2025-01-03 16:37:00+00:00,2655.300048828125,2655.699951171875,2655.300048828125,2655.39990234375,68.0
2025-01-03 16:38:00+00:00,2656.699951171875,2657.10009765625,2655.39990234375,2655.39990234375,320.0
2025-01-03 16:39:00+00:00,2656.800048828125,2657.5,2656.699951171875,2656.800048828125,160.0
2025-01-03 16:40:00+00:00,2657.0,2657.39990234375,2656.89990234375,2657.0,65.0
2025-01-03 16:41:00+00:00,2656.5,2656.89990234375,2656.300048828125,2656.89990234375,46.0
2025-01-03 16:42:00+00:00,2656.800048828125,2656.89990234375,2656.300048828125,2656.60009765625,111.0
2025-01-03 16:43:00+00:00,2656.0,2656.60009765625,2656.0,2656.60009765625,94.0
2025-01-03 16:44:00+00:00,2656.0,2656.39990234375,2655.800048828125,2656.199951171875,62.0
2025-01-03 16:45:00+00:00,2655.800048828125,2655.800048828125,2655.300048828125,2655.800048828125,300.0
2025-01-03 16:46:00+00:00,2655.39990234375,2655.60009765625,2655.199951171875,2655.60009765625,51.0
2025-01-03 16:47:00+00:00,2654.60009765625,2655.300048828125,2654.199951171875,2655.300048828125,342.0
2025-01-03 16:48:00+00:00,2654.39990234375,2654.800048828125,2654.199951171875,2654.39990234375,150.0
2025-01-03 16:49:00+00:00,2654.300048828125,2654.5,2654.0,2654.300048828125,76.0
2025-01-03 16:50:00+00:00,2653.800048828125,2654.300048828125,2652.89990234375,2654.199951171875,347.0
2025-01-03 16:51:00+00:00,2653.300048828125,2653.800048828125,2653.0,2653.699951171875,68.0
2025-01-03 16:52:00+00:00,2653.10009765625,2653.300048828125,2652.699951171875,2653.300048828125,96.0
2025-01-03 16:53:00+00:00,2653.300048828125,2653.39990234375,2652.89990234375,2653.0,74.0
2025-01-03 16:54:00+00:00,2652.89990234375,2653.699951171875,2652.89990234375,2653.300048828125,62.0
2025-01-03 16:55:00+00:00,2652.89990234375,2653.199951171875,2652.89990234375,2652.89990234375,28.0
2025-01-03 16:56:00+00:00,2652.60009765625,2653.10009765625,2652.300048828125,2652.89990234375,102.0
2025-01-03 16:57:00+00:00,2652.89990234375,2653.60009765625,2652.699951171875,2652.699951171875,247.0
2025-01-03 16:58:00+00:00,2652.699951171875,2652.89990234375,2652.39990234375,2652.800048828125,148.0
2025-01-03 16:59:00+00:00,2653.39990234375,2653.5,2652.800048828125,2652.800048828125,119.0
2025-01-03 17:00:00+00:00,2654.0,2654.0,2653.199951171875,2653.300048828125,116.0
2025-01-03 17:01:00+00:00,2653.300048828125,2654.0,2653.199951171875,2653.89990234375,108.0
2025-01-03 17:02:00+00:00,2653.60009765625,2653.699951171875,2652.89990234375,2653.300048828125,174.0
2025-01-03 17:03:00+00:00,2653.89990234375,2653.89990234375,2653.5,2653.699951171875,111.0
2025-01-03 17:04:00+00:00,2654.39990234375,2654.39990234375,2653.39990234375,2654.0,110.0
2025-01-03 17:05:00+00:00,2654.60009765625,2654.89990234375,2654.39990234375,2654.39990234375,191.0
2025-01-03 17:06:00+00:00,2655.199951171875,2655.199951171875,2654.699951171875,2654.699951171875,57.0
2025-01-03 17:07:00+00:00,2655.39990234375,2655.699951171875,2655.0,2655.199951171875,121.0
2025-01-03 17:08:00+00:00,2655.60009765625,2656.0,2655.39990234375,2655.39990234375,107.0
2025-01-03 17:09:00+00:00,2656.10009765625,2656.300048828125,2655.60009765625,2655.60009765625,73.0
2025-01-03 17:10:00+00:00,2655.5,2656.0,2655.5,2656.0,61.0
2025-01-03 17:11:00+00:00,2655.699951171875,2655.699951171875,2655.0,2655.39990234375,56.0
2025-01-03 17:12:00+00:00,2654.699951171875,2655.699951171875,2654.699951171875,2655.699951171875,40.0
2025-01-03 17:13:00+00:00,2654.89990234375,2654.89990234375,2654.5,2654.89990234375,60.0
2025-01-03 17:14:00+00:00,2654.89990234375,2655.199951171875,2654.89990234375,2655.0,448.0
2025-01-03 17:15:00+00:00,2655.5,2655.699951171875,2654.699951171875,2654.89990234375,85.0
2025-01-03 17:16:00+00:00,2655.300048828125,2655.60009765625,2655.199951171875,2655.5,47.0
2025-01-03 17:17:00+00:00,2655.39990234375,2655.5,2655.300048828125,2655.300048828125,23.0
2025-01-03 17:18:00+00:00,2655.60009765625,2655.60009765625,2655.39990234375,2655.39990234375,38.0
2025-01-03 17:19:00+00:00,2655.699951171875,2655.89990234375,2655.39990234375,2655.60009765625,64.0
2025-01-03 17:20:00+00:00,2654.800048828125,2655.699951171875,2654.60009765625,2655.60009765625,62.0
2025-01-03 17:21:00+00:00,2654.60009765625,2654.89990234375,2654.39990234375,2654.89990234375,34.0
2025-01-03 17:22:00+00:00,2654.0,2654.60009765625,2654.0,2654.60009765625,82.0
2025-01-03 17:23:00+00:00,2655.10009765625,2655.10009765625,2654.10009765625,2654.10009765625,31.0
2025-01-03 17:24:00+00:00,2654.60009765625,2654.89990234375,2654.5,2654.89990234375,20.0
2025-01-03 17:25:00+00:00,2654.89990234375,2655.10009765625,2654.60009765625,2654.60009765625,46.0
2025-01-03 17:26:00+00:00,2654.60009765625,2655.0,2654.60009765625,2654.800048828125,46.0
2025-01-03 17:27:00+00:00,2655.0,2655.39990234375,2654.5,2654.5,79.0
2025-01-03 17:28:00+00:00,2655.199951171875,2655.300048828125,2654.89990234375,2655.0,40.0
2025-01-03 17:29:00+00:00,2655.39990234375,2655.39990234375,2654.800048828125,2655.199951171875,73.0
2025-01-03 17:30:00+00:00,2655.0,2655.800048828125,2655.0,2655.5,90.0
2025-01-03 17:31:00+00:00,2654.39990234375,2655.199951171875,2654.39990234375,2655.199951171875,77.0
2025-01-03 17:32:00+00:00,2654.300048828125,2654.699951171875,2654.300048828125,2654.5,58.0
2025-01-03 17:33:00+00:00,2654.5,2654.699951171875,2654.10009765625,2654.300048828125,100.0
2025-01-03 17:34:00+00:00,2654.39990234375,2654.699951171875,2654.39990234375,2654.699951171875,109.0
2025-01-03 17:35:00+00:00,2652.800048828125,2654.300048828125,2652.699951171875,2654.300048828125,192.0
2025-01-03 17:36:00+00:00,2652.800048828125,2652.89990234375,2652.60009765625,2652.800048828125,93.0
2025-01-03 17:37:00+00:00,2652.699951171875,2653.199951171875,2652.699951171875,2652.699951171875,72.0
2025-01-03 17:38:00+00:00,2652.60009765625,2652.89990234375,2652.39990234375,2652.699951171875,136.0
2025-01-03 17:39:00+00:00,2653.300048828125,2653.39990234375,2652.60009765625,2652.60009765625,38.0
2025-01-03 17:40:00+00:00,2653.60009765625,2653.89990234375,2653.10009765625,2653.199951171875,47.0
2025-01-03 17:41:00+00:00,2654.300048828125,2654.300048828125,2653.699951171875,2653.699951171875,76.0
2025-01-03 17:42:00+00:00,2654.5,2654.699951171875,2654.199951171875,2654.300048828125,127.0
2025-01-03 17:43:00+00:00,2654.699951171875,2654.89990234375,2654.60009765625,2654.699951171875,53.0
2025-01-03 17:44:00+00:00,2654.39990234375,2654.699951171875,2654.199951171875,2654.60009765625,66.0
2025-01-03 17:45:00+00:00,2654.800048828125,2654.89990234375,2654.39990234375,2654.39990234375,48.0
2025-01-03 17:46:00+00:00,2655.10009765625,2655.10009765625,2654.800048828125,2654.89990234375,44.0
2025-01-03 17:47:00+00:00,2655.10009765625,2655.39990234375,2654.89990234375,2655.10009765625,56.0
2025-01-03 17:48:00+00:00,2655.699951171875,2655.800048828125,2654.89990234375,2655.10009765625,166.0
2025-01-03 17:49:00+00:00,2655.300048828125,2655.800048828125,2655.0,2655.800048828125,263.0
2025-01-03 17:50:00+00:00,2655.10009765625,2655.39990234375,2655.0,2655.39990234375,40.0
2025-01-03 17:51:00+00:00,2655.300048828125,2655.39990234375,2655.0,2655.10009765625,149.0
2025-01-03 17:52:00+00:00,2655.0,2655.199951171875,2654.800048828125,2655.199951171875,85.0
2025-01-03 17:53:00+00:00,2655.0,2655.199951171875,2654.800048828125,2655.10009765625,56.0
2025-01-03 17:54:00+00:00,2655.199951171875,2655.300048828125,2654.800048828125,2655.10009765625,56.0
2025-01-03 17:55:00+00:00,2655.199951171875,2655.199951171875,2654.89990234375,2655.10009765625,78.0
2025-01-03 17:56:00+00:00,2655.60009765625,2655.800048828125,2655.0,2655.10009765625,102.0
2025-01-03 17:57:00+00:00,2655.89990234375,2655.89990234375,2655.300048828125,2655.5,90.0
2025-01-03 17:58:00+00:00,2655.60009765625,2655.89990234375,2655.60009765625,2655.89990234375,60.0
2025-01-03 17:59:00+00:00,2655.5,2655.800048828125,2655.300048828125,2655.60009765625,100.0
2025-01-03 18:00:00+00:00,2655.699951171875,2655.89990234375,2655.300048828125,2655.39990234375,112.0
2025-01-03 18:01:00+00:00,2655.10009765625,2655.89990234375,2655.10009765625,2655.699951171875,66.0
2025-01-03 18:02:00+00:00,2654.89990234375,2655.199951171875,2654.699951171875,2655.10009765625,85.0
2025-01-03 18:03:00+00:00,2654.300048828125,2654.800048828125,2654.10009765625,2654.699951171875,62.0
2025-01-03 18:04:00+00:00,2654.699951171875,2654.699951171875,2654.10009765625,2654.199951171875,33.0
2025-01-03 18:05:00+00:00,2654.300048828125,2654.60009765625,2654.199951171875,2654.60009765625,99.0
2025-01-03 18:06:00+00:00,2654.300048828125,2654.5,2653.89990234375,2654.199951171875,66.0
2025-01-03 18:07:00+00:00,2654.60009765625,2654.699951171875,2654.39990234375,2654.39990234375,409.0
2025-01-03 18:08:00+00:00,2654.800048828125,2654.800048828125,2654.199951171875,2654.60009765625,118.0
2025-01-03 18:09:00+00:00,2655.199951171875,2655.300048828125,2654.800048828125,2654.800048828125,52.0
2025-01-03 18:10:00+00:00,2654.60009765625,2655.199951171875,2654.300048828125,2655.10009765625,87.0
2025-01-03 18:11:00+00:00,2654.0,2654.699951171875,2654.0,2654.60009765625,37.0
2025-01-03 18:12:00+00:00,2653.800048828125,2654.199951171875,2653.60009765625,2654.0,58.0
2025-01-03 18:13:00+00:00,2653.800048828125,2653.800048828125,2653.39990234375,2653.699951171875,40.0
2025-01-03 18:14:00+00:00,2653.699951171875,2653.89990234375,2653.699951171875,2653.89990234375,256.0
2025-01-03 18:15:00+00:00,2653.300048828125,2653.699951171875,2653.199951171875,2653.699951171875,113.0
2025-01-03 18:16:00+00:00,2654.199951171875,2654.199951171875,2653.39990234375,2653.39990234375,53.0
2025-01-03 18:17:00+00:00,2654.199951171875,2654.300048828125,2653.699951171875,2654.10009765625,158.0
2025-01-03 18:18:00+00:00,2654.5,2654.699951171875,2654.0,2654.199951171875,124.0
2025-01-03 18:19:00+00:00,2654.199951171875,2654.60009765625,2654.10009765625,2654.39990234375,72.0
2025-01-03 18:20:00+00:00,2654.60009765625,2654.60009765625,2654.199951171875,2654.199951171875,102.0
2025-01-03 18:21:00+00:00,,,,,
2025-01-03 18:22:00+00:00,,,,,
2025-01-03 18:23:00+00:00,2654.0,2654.0,2653.699951171875,2653.699951171875,317.0
2025-01-03 18:24:00+00:00,2654.0,2654.300048828125,2654.0,2654.0,137.0
2025-01-03 18:25:00+00:00,2653.60009765625,2654.0,2653.5,2653.89990234375,122.0
2025-01-03 18:26:00+00:00,2653.39990234375,2653.60009765625,2653.199951171875,2653.60009765625,119.0
2025-01-03 18:27:00+00:00,2653.699951171875,2653.89990234375,2653.5,2653.5,185.0
2025-01-03 18:28:00+00:00,2654.60009765625,2654.800048828125,2653.699951171875,2653.699951171875,192.0
2025-01-03 18:29:00+00:00,2654.89990234375,2655.0,2654.60009765625,2654.60009765625,671.0
2025-01-03 18:30:00+00:00,2655.10009765625,2655.39990234375,2654.800048828125,2654.800048828125,234.0
2025-01-03 18:31:00+00:00,2655.199951171875,2655.300048828125,2655.0,2655.199951171875,69.0
2025-01-03 18:32:00+00:00,2655.10009765625,2655.300048828125,2655.0,2655.199951171875,54.0
2025-01-03 18:33:00+00:00,2655.199951171875,2655.39990234375,2655.0,2655.10009765625,102.0
2025-01-03 18:34:00+00:00,2655.199951171875,2655.300048828125,2654.699951171875,2655.10009765625,114.0
2025-01-03 18:35:00+00:00,2655.39990234375,2655.39990234375,2654.89990234375,2655.300048828125,91.0
2025-01-03 18:36:00+00:00,2655.199951171875,2655.60009765625,2655.0,2655.5,75.0
2025-01-03 18:37:00+00:00,2655.10009765625,2655.5,2655.10009765625,2655.300048828125,28.0
2025-01-03 18:38:00+00:00,2655.60009765625,2655.60009765625,2654.89990234375,2655.0,56.0
2025-01-03 18:39:00+00:00,2655.699951171875,2655.89990234375,2655.39990234375,2655.39990234375,85.0
2025-01-03 18:40:00+00:00,2656.0,2656.199951171875,2655.699951171875,2655.699951171875,97.0
2025-01-03 18:41:00+00:00,2655.60009765625,2656.10009765625,2655.5,2656.0,92.0
2025-01-03 18:42:00+00:00,2655.300048828125,2655.699951171875,2655.300048828125,2655.39990234375,38.0
2025-01-03 18:43:00+00:00,2655.199951171875,2655.5,2655.199951171875,2655.199951171875,40.0
2025-01-03 18:44:00+00:00,2655.39990234375,2655.5,2655.199951171875,2655.300048828125,54.0
2025-01-03 18:45:00+00:00,2655.699951171875,2655.800048828125,2655.39990234375,2655.39990234375,28.0
2025-01-03 18:46:00+00:00,2655.199951171875,2655.89990234375,2655.199951171875,2655.89990234375,23.0
2025-01-03 18:47:00+00:00,2655.10009765625,2655.5,2655.10009765625,2655.199951171875,49.0
2025-01-03 18:48:00+00:00,2655.5,2655.60009765625,2655.10009765625,2655.10009765625,50.0
2025-01-03 18:49:00+00:00,2655.39990234375,2655.5,2655.199951171875,2655.39990234375,21.0
2025-01-03 18:50:00+00:00,2655.60009765625,2655.60009765625,2655.300048828125,2655.300048828125,36.0
2025-01-03 18:51:00+00:00,2655.300048828125,2655.60009765625,2655.199951171875,2655.60009765625,69.0
2025-01-03 18:52:00+00:00,2655.800048828125,2655.89990234375,2655.300048828125,2655.300048828125,39.0
2025-01-03 18:53:00+00:00,2655.5,2655.89990234375,2655.0,2655.699951171875,187.0
2025-01-03 18:54:00+00:00,2655.300048828125,2655.89990234375,2655.199951171875,2655.60009765625,82.0
2025-01-03 18:55:00+00:00,2655.300048828125,2655.39990234375,2655.199951171875,2655.300048828125,26.0
2025-01-03 18:56:00+00:00,2655.300048828125,2655.5,2655.199951171875,2655.39990234375,16.0
2025-01-03 18:57:00+00:00,2655.800048828125,2655.89990234375,2655.300048828125,2655.39990234375,23.0
2025-01-03 18:58:00+00:00,2655.800048828125,2655.800048828125,2655.39990234375,2655.800048828125,14.0
2025-01-03 18:59:00+00:00,2656.10009765625,2656.199951171875,2655.89990234375,2655.89990234375,29.0
2025-01-03 19:00:00+00:00,2655.39990234375,2656.0,2655.300048828125,2655.89990234375,74.0
2025-01-03 19:01:00+00:00,2655.39990234375,2655.60009765625,2655.39990234375,2655.39990234375,23.0
2025-01-03 19:02:00+00:00,2655.800048828125,2655.800048828125,2655.60009765625,2655.60009765625,27.0
2025-01-03 19:03:00+00:00,2656.0,2656.10009765625,2655.89990234375,2655.89990234375,7.0
2025-01-03 19:04:00+00:00,2655.60009765625,2655.699951171875,2655.5,2655.699951171875,12.0
2025-01-03 19:05:00+00:00,2656.199951171875,2656.199951171875,2655.60009765625,2655.60009765625,15.0
2025-01-03 19:06:00+00:00,2656.699951171875,2657.199951171875,2656.300048828125,2656.300048828125,131.0
2025-01-03 19:07:00+00:00,2656.89990234375,2656.89990234375,2656.60009765625,2656.800048828125,49.0
2025-01-03 19:08:00+00:00,2656.699951171875,2657.199951171875,2656.5,2657.0,45.0
2025-01-03 19:09:00+00:00,2657.0,2657.10009765625,2656.300048828125,2656.5,84.0
2025-01-03 19:10:00+00:00,2656.5,2657.0,2656.39990234375,2657.0,67.0
2025-01-03 19:11:00+00:00,2656.60009765625,2656.699951171875,2656.300048828125,2656.5,20.0
2025-01-03 19:12:00+00:00,2656.300048828125,2656.699951171875,2656.199951171875,2656.5,38.0
2025-01-03 19:13:00+00:00,2656.199951171875,2656.39990234375,2656.199951171875,2656.300048828125,11.0
2025-01-03 19:14:00+00:00,2656.10009765625,2656.5,2656.0,2656.300048828125,43.0
2025-01-03 19:15:00+00:00,2656.39990234375,2656.39990234375,2656.0,2656.199951171875,20.0
2025-01-03 19:16:00+00:00,2656.199951171875,2656.39990234375,2656.199951171875,2656.199951171875,24.0
2025-01-03 19:17:00+00:00,2656.199951171875,2656.199951171875,2656.0,2656.199951171875,19.0
2025-01-03 19:18:00+00:00,2655.89990234375,2656.199951171875,2655.60009765625,2656.10009765625,42.0
2025-01-03 19:19:00+00:00,2656.10009765625,2656.300048828125,2655.89990234375,2655.89990234375,43.0
2025-01-03 19:20:00+00:00,2655.60009765625,2656.10009765625,2655.60009765625,2656.0,20.0
2025-01-03 19:21:00+00:00,2655.800048828125,2656.10009765625,2655.699951171875,2655.699951171875,24.0
2025-01-03 19:22:00+00:00,2655.699951171875,2655.89990234375,2655.699951171875,2655.89990234375,26.0
2025-01-03 19:23:00+00:00,2655.300048828125,2655.800048828125,2655.300048828125,2655.800048828125,12.0
2025-01-03 19:24:00+00:00,2655.199951171875,2655.39990234375,2655.10009765625,2655.300048828125,13.0
2025-01-03 19:25:00+00:00,2655.199951171875,2655.300048828125,2655.199951171875,2655.300048828125,12.0
2025-01-03 19:26:00+00:00,2655.0,2655.199951171875,2655.0,2655.199951171875,24.0
2025-01-03 19:27:00+00:00,2655.39990234375,2655.5,2655.10009765625,2655.10009765625,8.0
2025-01-03 19:28:00+00:00,2655.10009765625,2655.300048828125,2655.0,2655.300048828125,33.0
2025-01-03 19:29:00+00:00,2655.60009765625,2655.699951171875,2655.10009765625,2655.10009765625,19.0
2025-01-03 19:30:00+00:00,2655.300048828125,2655.699951171875,2655.300048828125,2655.699951171875,14.0
2025-01-03 19:31:00+00:00,2655.5,2655.699951171875,2655.300048828125,2655.39990234375,35.0
2025-01-03 19:32:00+00:00,2655.39990234375,2655.5,2655.39990234375,2655.39990234375,6.0
2025-01-03 19:33:00+00:00,2655.699951171875,2655.699951171875,2655.60009765625,2655.60009765625,6.0
2025-01-03 19:34:00+00:00,2655.60009765625,2655.60009765625,2655.60009765625,2655.60009765625,3.0
2025-01-03 19:35:00+00:00,2656.199951171875,2656.300048828125,2655.60009765625,2655.60009765625,21.0
2025-01-03 19:36:00+00:00,2656.39990234375,2656.60009765625,2656.0,2656.10009765625,42.0
2025-01-03 19:37:00+00:00,2656.300048828125,2656.39990234375,2656.0,2656.39990234375,56.0
2025-01-03 19:38:00+00:00,2655.800048828125,2656.199951171875,2655.800048828125,2656.199951171875,45.0
2025-01-03 19:39:00+00:00,2655.699951171875,2655.89990234375,2655.699951171875,2655.89990234375,9.0
2025-01-03 19:40:00+00:00,2655.39990234375,2655.699951171875,2655.39990234375,2655.699951171875,21.0
2025-01-03 19:41:00+00:00,2655.60009765625,2655.60009765625,2655.10009765625,2655.300048828125,33.0
2025-01-03 19:42:00+00:00,2655.300048828125,2655.699951171875,2655.300048828125,2655.699951171875,30.0
2025-01-03 19:43:00+00:00,2655.199951171875,2655.39990234375,2655.10009765625,2655.39990234375,23.0
2025-01-03 19:44:00+00:00,2655.300048828125,2655.60009765625,2655.199951171875,2655.199951171875,36.0
2025-01-03 19:45:00+00:00,2655.300048828125,2655.300048828125,2655.199951171875,2655.199951171875,9.0
2025-01-03 19:46:00+00:00,2655.39990234375,2655.5,2655.39990234375,2655.39990234375,18.0
2025-01-03 19:47:00+00:00,2655.10009765625,2655.39990234375,2655.10009765625,2655.39990234375,29.0
2025-01-03 19:48:00+00:00,2655.199951171875,2655.199951171875,2655.0,2655.0,30.0
2025-01-03 19:49:00+00:00,2655.199951171875,2655.300048828125,2655.199951171875,2655.300048828125,18.0
2025-01-03 19:50:00+00:00,2654.89990234375,2655.199951171875,2654.89990234375,2655.199951171875,25.0
2025-01-03 19:51:00+00:00,2654.0,2654.89990234375,2654.0,2654.89990234375,194.0
2025-01-03 19:52:00+00:00,2653.800048828125,2654.199951171875,2653.800048828125,2654.0,107.0
2025-01-03 19:53:00+00:00,2653.5,2653.699951171875,2653.199951171875,2653.699951171875,67.0
2025-01-03 19:54:00+00:00,2653.5,2653.800048828125,2653.39990234375,2653.5,22.0
2025-01-03 19:55:00+00:00,2653.300048828125,2653.60009765625,2653.199951171875,2653.60009765625,41.0
2025-01-03 19:56:00+00:00,2653.300048828125,2653.60009765625,2652.89990234375,2653.5,144.0
2025-01-03 19:57:00+00:00,2653.60009765625,2653.699951171875,2653.10009765625,2653.300048828125,37.0
2025-01-03 19:58:00+00:00,2654.0,2654.10009765625,2653.699951171875,2653.699951171875,35.0
2025-01-03 19:59:00+00:00,2653.300048828125,2653.89990234375,2653.300048828125,2653.89990234375,69.0
2025-01-03 20:00:00+00:00,2653.199951171875,2653.39990234375,2652.699951171875,2653.300048828125,150.0
2025-01-03 20:01:00+00:00,2652.699951171875,2653.699951171875,2652.699951171875,2653.300048828125,195.0
2025-01-03 20:02:00+00:00,2653.10009765625,2653.199951171875,2652.699951171875,2652.699951171875,35.0
2025-01-03 20:03:00+00:00,2653.300048828125,2653.39990234375,2653.0,2653.10009765625,29.0
2025-01-03 20:04:00+00:00,2653.199951171875,2653.39990234375,2653.199951171875,2653.300048828125,17.0
2025-01-03 20:05:00+00:00,2653.699951171875,2653.800048828125,2653.199951171875,2653.199951171875,57.0
2025-01-03 20:06:00+00:00,2653.39990234375,2653.89990234375,2653.39990234375,2653.699951171875,17.0
2025-01-03 20:07:00+00:00,2654.0,2654.0,2653.39990234375,2653.39990234375,28.0
2025-01-03 20:08:00+00:00,2653.89990234375,2653.89990234375,2653.800048828125,2653.89990234375,13.0
2025-01-03 20:09:00+00:00,2653.199951171875,2653.800048828125,2653.10009765625,2653.800048828125,35.0
2025-01-03 20:10:00+00:00,2652.800048828125,2653.10009765625,2652.800048828125,2653.10009765625,35.0
2025-01-03 20:11:00+00:00,2652.699951171875,2653.0,2652.5,2652.89990234375,62.0
2025-01-03 20:12:00+00:00,2652.800048828125,2652.800048828125,2652.5,2652.699951171875,25.0
2025-01-03 20:13:00+00:00,2652.89990234375,2653.0,2652.800048828125,2652.800048828125,28.0
2025-01-03 20:14:00+00:00,2653.300048828125,2653.39990234375,2653.0,2653.0,22.0
2025-01-03 20:15:00+00:00,2653.39990234375,2653.60009765625,2653.300048828125,2653.39990234375,26.0
2025-01-03 20:16:00+00:00,2653.199951171875,2653.39990234375,2653.10009765625,2653.39990234375,7.0
2025-01-03 20:17:00+00:00,2652.89990234375,2653.199951171875,2652.89990234375,2653.199951171875,17.0
2025-01-03 20:18:00+00:00,2653.0,2653.199951171875,2652.89990234375,2652.89990234375,51.0
2025-01-03 20:19:00+00:00,2653.60009765625,2653.60009765625,2653.199951171875,2653.199951171875,22.0
2025-01-03 20:20:00+00:00,2653.39990234375,2653.699951171875,2653.39990234375,2653.60009765625,21.0
2025-01-03 20:21:00+00:00,2653.5,2653.5,2653.300048828125,2653.300048828125,7.0
2025-01-03 20:22:00+00:00,2653.39990234375,2653.60009765625,2653.300048828125,2653.60009765625,20.0
2025-01-03 20:23:00+00:00,2653.60009765625,2653.800048828125,2653.39990234375,2653.800048828125,18.0
2025-01-03 20:24:00+00:00,2653.699951171875,2653.699951171875,2653.60009765625,2653.699951171875,17.0
2025-01-03 20:25:00+00:00,2653.60009765625,2653.699951171875,2653.39990234375,2653.699951171875,26.0
2025-01-03 20:26:00+00:00,2653.199951171875,2653.39990234375,2653.10009765625,2653.300048828125,32.0
2025-01-03 20:27:00+00:00,2652.60009765625,2653.10009765625,2652.60009765625,2653.10009765625,47.0
2025-01-03 20:28:00+00:00,2652.60009765625,2652.60009765625,2652.300048828125,2652.60009765625,74.0
2025-01-03 20:29:00+00:00,2653.0,2653.0,2652.60009765625,2652.60009765625,25.0
2025-01-03 20:30:00+00:00,2653.300048828125,2653.300048828125,2653.0,2653.199951171875,36.0
2025-01-03 20:31:00+00:00,2653.39990234375,2653.60009765625,2653.10009765625,2653.300048828125,44.0
2025-01-03 20:32:00+00:00,2653.39990234375,2653.5,2653.300048828125,2653.5,24.0
2025-01-03 20:33:00+00:00,2653.199951171875,2653.300048828125,2653.0,2653.300048828125,47.0
2025-01-03 20:34:00+00:00,2652.5,2653.300048828125,2652.5,2653.300048828125,36.0
2025-01-03 20:35:00+00:00,2652.39990234375,2652.60009765625,2652.300048828125,2652.60009765625,46.0
2025-01-03 20:36:00+00:00,2652.300048828125,2652.60009765625,2652.199951171875,2652.300048828125,49.0
2025-01-03 20:37:00+00:00,2651.60009765625,2652.300048828125,2651.5,2652.300048828125,119.0
2025-01-03 20:38:00+00:00,2651.39990234375,2651.60009765625,2651.199951171875,2651.60009765625,32.0
2025-01-03 20:39:00+00:00,2651.699951171875,2651.800048828125,2651.199951171875,2651.300048828125,71.0
2025-01-03 20:40:00+00:00,2651.60009765625,2651.89990234375,2651.5,2651.800048828125,225.0
2025-01-03 20:41:00+00:00,2651.60009765625,2651.800048828125,2651.39990234375,2651.60009765625,41.0
2025-01-03 20:42:00+00:00,2651.0,2651.5,2650.699951171875,2651.5,109.0
2025-01-03 20:43:00+00:00,2651.5,2651.5,2650.800048828125,2651.0,83.0
2025-01-03 20:44:00+00:00,2651.800048828125,2651.800048828125,2651.60009765625,2651.60009765625,23.0
2025-01-03 20:45:00+00:00,2651.39990234375,2652.10009765625,2651.39990234375,2651.89990234375,140.0
2025-01-03 20:46:00+00:00,2651.39990234375,2651.5,2651.10009765625,2651.300048828125,53.0
2025-01-03 20:47:00+00:00,2651.300048828125,2651.39990234375,2651.199951171875,2651.300048828125,25.0
2025-01-03 20:48:00+00:00,2651.10009765625,2651.199951171875,2651.0,2651.199951171875,45.0
2025-01-03 20:49:00+00:00,2650.89990234375,2651.0,2650.89990234375,2651.0,44.0
2025-01-03 20:50:00+00:00,2650.699951171875,2650.89990234375,2650.60009765625,2650.800048828125,71.0
2025-01-03 20:51:00+00:00,2650.89990234375,2651.0,2650.699951171875,2650.699951171875,23.0
2025-01-03 20:52:00+00:00,2651.199951171875,2651.39990234375,2651.0,2651.0,34.0
2025-01-03 20:53:00+00:00,2650.800048828125,2651.10009765625,2650.800048828125,2651.10009765625,50.0
2025-01-03 20:54:00+00:00,2651.39990234375,2651.39990234375,2650.699951171875,2650.699951171875,39.0
2025-01-03 20:55:00+00:00,2651.300048828125,2651.699951171875,2651.199951171875,2651.5,35.0
2025-01-03 20:56:00+00:00,2651.5,2651.60009765625,2651.300048828125,2651.300048828125,38.0
2025-01-03 20:57:00+00:00,2651.39990234375,2651.5,2651.10009765625,2651.5,25.0
2025-01-03 20:58:00+00:00,2651.60009765625,2651.89990234375,2651.39990234375,2651.5,41.0
2025-01-03 20:59:00+00:00,2651.89990234375,2652.10009765625,2651.5,2651.60009765625,175.0
2025-01-03 21:00:00+00:00,2651.60009765625,2652.60009765625,2651.5,2651.800048828125,230.0
2025-01-03 21:01:00+00:00,2651.800048828125,2651.800048828125,2651.5,2651.699951171875,26.0
2025-01-03 21:02:00+00:00,2651.89990234375,2652.0,2651.699951171875,2651.89990234375,16.0
2025-01-03 21:03:00+00:00,2652.0,2652.10009765625,2652.0,2652.0,30.0
2025-01-03 21:04:00+00:00,2652.10009765625,2652.10009765625,2651.89990234375,2651.89990234375,15.0
2025-01-03 21:05:00+00:00,2651.89990234375,2652.199951171875,2651.89990234375,2652.199951171875,21.0
2025-01-03 21:06:00+00:00,2651.800048828125,2652.0,2651.39990234375,2652.0,30.0
2025-01-03 21:07:00+00:00,2651.699951171875,2651.89990234375,2651.699951171875,2651.800048828125,13.0
2025-01-03 21:08:00+00:00,2652.10009765625,2652.10009765625,2651.60009765625,2651.60009765625,18.0
2025-01-03 21:09:00+00:00,2651.800048828125,2652.10009765625,2651.800048828125,2652.10009765625,11.0
2025-01-03 21:10:00+00:00,2651.699951171875,2651.699951171875,2651.60009765625,2651.60009765625,5.0
2025-01-03 21:11:00+00:00,2651.5,2651.60009765625,2651.39990234375,2651.60009765625,18.0
2025-01-03 21:12:00+00:00,2651.300048828125,2651.39990234375,2651.300048828125,2651.300048828125,5.0
2025-01-03 21:13:00+00:00,2651.10009765625,2651.39990234375,2651.10009765625,2651.39990234375,16.0
2025-01-03 21:14:00+00:00,2651.0,2651.300048828125,2650.800048828125,2651.199951171875,50.0
2025-01-03 21:15:00+00:00,2650.699951171875,2651.10009765625,2650.699951171875,2651.10009765625,33.0
2025-01-03 21:16:00+00:00,2650.60009765625,2650.699951171875,2650.5,2650.699951171875,24.0
2025-01-03 21:17:00+00:00,2650.60009765625,2650.699951171875,2650.5,2650.60009765625,53.0
2025-01-03 21:18:00+00:00,2650.89990234375,2651.0,2650.60009765625,2650.699951171875,37.0
2025-01-03 21:19:00+00:00,2650.699951171875,2650.89990234375,2650.699951171875,2650.800048828125,12.0
2025-01-03 21:20:00+00:00,2650.699951171875,2650.699951171875,2650.60009765625,2650.699951171875,27.0
2025-01-03 21:21:00+00:00,2650.699951171875,2650.800048828125,2650.699951171875,2650.800048828125,8.0
2025-01-03 21:22:00+00:00,2650.699951171875,2650.699951171875,2650.60009765625,2650.60009765625,9.0
2025-01-03 21:23:00+00:00,2650.800048828125,2650.800048828125,2650.699951171875,2650.699951171875,9.0
2025-01-03 21:24:00+00:00,2650.5,2650.800048828125,2650.5,2650.699951171875,55.0
2025-01-03 21:25:00+00:00,2650.800048828125,2650.89990234375,2650.5,2650.5,76.0
2025-01-03 21:26:00+00:00,2650.60009765625,2650.60009765625,2650.60009765625,2650.60009765625,6.0
2025-01-03 21:27:00+00:00,2650.5,2650.699951171875,2650.5,2650.699951171875,31.0
2025-01-03 21:28:00+00:00,2650.800048828125,2650.800048828125,2650.300048828125,2650.5,87.0
2025-01-03 21:29:00+00:00,2651.0,2651.0,2650.800048828125,2650.89990234375,33.0
2025-01-03 21:30:00+00:00,2650.300048828125,2650.89990234375,2650.300048828125,2650.800048828125,52.0
2025-01-03 21:31:00+00:00,2650.300048828125,2650.39990234375,2650.10009765625,2650.39990234375,76.0
2025-01-03 21:32:00+00:00,2650.300048828125,2650.300048828125,2650.10009765625,2650.300048828125,58.0
2025-01-03 21:33:00+00:00,2650.300048828125,2650.300048828125,2650.199951171875,2650.300048828125,26.0
2025-01-03 21:34:00+00:00,2650.39990234375,2650.39990234375,2650.300048828125,2650.300048828125,18.0
2025-01-03 21:35:00+00:00,2650.300048828125,2650.39990234375,2650.300048828125,2650.300048828125,19.0
2025-01-03 21:36:00+00:00,2650.10009765625,2650.39990234375,2649.699951171875,2650.199951171875,175.0
2025-01-03 21:37:00+00:00,2650.10009765625,2650.10009765625,2649.89990234375,2650.10009765625,68.0
2025-01-03 21:38:00+00:00,2650.199951171875,2650.199951171875,2650.10009765625,2650.10009765625,17.0
2025-01-03 21:39:00+00:00,2650.300048828125,2650.300048828125,2650.10009765625,2650.10009765625,21.0
2025-01-03 21:40:00+00:00,2650.699951171875,2651.199951171875,2650.300048828125,2650.300048828125,84.0
2025-01-03 21:41:00+00:00,2652.0,2652.10009765625,2650.699951171875,2650.699951171875,207.0
2025-01-03 21:42:00+00:00,2652.0,2652.39990234375,2651.800048828125,2651.89990234375,53.0
2025-01-03 21:44:00+00:00,2653.10009765625,2653.10009765625,2652.800048828125,2653.0,208.0
2025-01-03 21:45:00+00:00,2653.300048828125,2653.300048828125,2652.60009765625,2653.0,125.0
2025-01-03 21:46:00+00:00,2653.699951171875,2653.699951171875,2653.0,2653.300048828125,85.0
2025-01-03 21:47:00+00:00,2653.300048828125,2653.800048828125,2653.300048828125,2653.699951171875,58.0
2025-01-03 21:48:00+00:00,2653.39990234375,2653.699951171875,2653.300048828125,2653.39990234375,38.0
2025-01-03 21:49:00+00:00,2652.300048828125,2653.39990234375,2652.300048828125,2653.39990234375,87.0
2025-01-03 21:50:00+00:00,2652.39990234375,2652.60009765625,2652.199951171875,2652.300048828125,50.0
2025-01-03 21:51:00+00:00,2652.5,2652.5,2652.199951171875,2652.199951171875,25.0
2025-01-03 21:52:00+00:00,2652.60009765625,2652.699951171875,2652.39990234375,2652.60009765625,11.0
2025-01-03 21:53:00+00:00,2652.199951171875,2652.60009765625,2652.199951171875,2652.60009765625,9.0
2025-01-03 21:54:00+00:00,2652.699951171875,2652.800048828125,2652.199951171875,2652.199951171875,52.0
2025-01-03 21:55:00+00:00,2653.10009765625,2653.10009765625,2652.5,2652.60009765625,53.0
2025-01-03 21:56:00+00:00,2653.10009765625,2653.39990234375,2653.10009765625,2653.199951171875,38.0
2025-01-03 21:57:00+00:00,2653.199951171875,2653.300048828125,2652.60009765625,2653.0,62.0
2025-01-03 21:58:00+00:00,2652.60009765625,2653.199951171875,2652.5,2653.10009765625,54.0
2025-01-03 21:59:00+00:00,,,,,
